SalePrice,LotArea,OverallQual,OverallCond,YearBuilt,1stFlrSF,2ndFlrSF,BedroomAbvGr,MSZoning,LotShape,Neighborhood,CentralAir,SaleCondition,MoSold,YrSold
208500,8450,7,5,2003,856,854,3,RL,Reg,CollgCr,Y,Normal,2,2008
181500,9600,6,8,1976,1262,0,3,RL,Reg,Veenker,Y,Normal,5,2007
223500,11250,7,5,2001,920,866,3,RL,IR1,CollgCr,Y,Normal,9,2008
140000,9550,7,5,1915,961,756,3,RL,IR1,Crawfor,Y,Abnorml,2,2006
250000,14260,8,5,2000,1145,1053,4,RL,IR1,NoRidge,Y,Normal,12,2008
143000,14115,5,5,1993,796,566,1,RL,IR1,Mitchel,Y,Normal,10,2009
307000,10084,8,5,2004,1694,0,3,RL,Reg,Somerst,Y,Normal,8,2007
200000,10382,7,6,1973,1107,983,3,RL,IR1,NWAmes,Y,Normal,11,2009
129900,6120,7,5,1931,1022,752,2,RM,Reg,OldTown,Y,Abnorml,4,2008
118000,7420,5,6,1939,1077,0,2,RL,Reg,BrkSide,Y,Normal,1,2008
129500,11200,5,5,1965,1040,0,3,RL,Reg,Sawyer,Y,Normal,2,2008
345000,11924,9,5,2005,1182,1142,4,RL,IR1,NridgHt,Y,Partial,7,2006
144000,12968,5,6,1962,912,0,2,RL,IR2,Sawyer,Y,Normal,9,2008
279500,10652,7,5,2006,1494,0,3,RL,IR1,CollgCr,Y,Partial,8,2007
157000,10920,6,5,1960,1253,0,2,RL,IR1,NAmes,Y,Normal,5,2008
132000,6120,7,8,1929,854,0,2,RM,Reg,BrkSide,Y,Normal,7,2007
149000,11241,6,7,1970,1004,0,2,RL,IR1,NAmes,Y,Normal,3,2010
90000,10791,4,5,1967,1296,0,2,RL,Reg,Sawyer,Y,Normal,10,2006
159000,13695,5,5,2004,1114,0,3,RL,Reg,SawyerW,Y,Normal,6,2008
139000,7560,5,6,1958,1339,0,3,RL,Reg,NAmes,Y,Abnorml,5,2009
325300,14215,8,5,2005,1158,1218,4,RL,IR1,NridgHt,Y,Partial,11,2006
139400,7449,7,7,1930,1108,0,3,RM,Reg,IDOTRR,Y,Normal,6,2007
230000,9742,8,5,2002,1795,0,3,RL,Reg,CollgCr,Y,Normal,9,2008
129900,4224,5,7,1976,1060,0,3,RM,Reg,MeadowV,Y,Normal,6,2007
154000,8246,5,8,1968,1060,0,3,RL,IR1,Sawyer,Y,Normal,5,2010
256300,14230,8,5,2007,1600,0,3,RL,Reg,NridgHt,Y,Normal,7,2009
134800,7200,5,7,1951,900,0,3,RL,Reg,NAmes,Y,Normal,5,2010
306000,11478,8,5,2007,1704,0,3,RL,Reg,NridgHt,Y,Normal,5,2010
207500,16321,5,6,1957,1600,0,2,RL,IR1,NAmes,Y,Normal,12,2006
68500,6324,4,6,1927,520,0,1,RM,IR1,BrkSide,N,Normal,5,2008
40000,8500,4,4,1920,649,668,3,C (all),Reg,IDOTRR,N,Normal,7,2008
149350,8544,5,6,1966,1228,0,3,RL,IR1,Sawyer,Y,Normal,6,2008
179900,11049,8,5,2007,1234,0,3,RL,Reg,CollgCr,Y,Normal,1,2008
165500,10552,5,5,1959,1700,0,4,RL,IR1,NAmes,Y,Normal,4,2010
277500,7313,9,5,2005,1561,0,2,RL,Reg,NridgHt,Y,Normal,8,2007
309000,13418,8,5,2004,1132,1320,4,RL,Reg,NridgHt,Y,Normal,9,2006
145000,10859,5,5,1994,1097,0,3,RL,Reg,CollgCr,Y,Normal,6,2009
153000,8532,5,6,1954,1297,0,3,RL,Reg,NAmes,Y,Normal,10,2009
109000,7922,5,7,1953,1057,0,3,RL,Reg,NAmes,Y,Abnorml,1,2010
82000,6040,4,5,1955,1152,0,2,RL,Reg,Edwards,N,AdjLand,6,2008
160000,8658,6,5,1965,1324,0,3,RL,Reg,NAmes,Y,Abnorml,12,2006
170000,16905,5,6,1959,1328,0,2,RL,Reg,Timber,Y,Normal,7,2007
144000,9180,5,7,1983,884,0,2,RL,IR1,SawyerW,Y,Normal,12,2007
130250,9200,5,6,1975,938,0,3,RL,IR1,CollgCr,Y,Normal,7,2008
141000,7945,5,6,1959,1150,0,3,RL,Reg,NAmes,Y,Normal,5,2006
319900,7658,9,5,2005,1752,0,2,RL,Reg,NridgHt,Y,Normal,2,2010
239686,12822,7,5,2003,1518,631,1,RL,IR1,Mitchel,Y,Abnorml,8,2009
249700,11096,8,5,2006,1656,0,3,FV,Reg,Somerst,Y,Normal,7,2007
113000,4456,4,5,1920,736,716,2,RM,Reg,OldTown,Y,Partial,6,2009
127000,7742,5,7,1966,955,0,3,RL,Reg,Sawyer,Y,Normal,1,2007
177000,13869,6,6,1997,794,676,3,RL,IR2,Gilbert,Y,Normal,7,2007
114500,6240,6,6,1934,816,0,3,RM,Reg,BrkSide,Y,Normal,9,2006
110000,8472,5,5,1963,816,0,2,RM,IR2,IDOTRR,N,Normal,5,2010
385000,50271,9,5,1981,1842,0,0,RL,IR1,Veenker,Y,Normal,11,2006
130000,7134,5,5,1955,1360,0,3,RL,Reg,NAmes,Y,Normal,2,2007
180500,10175,6,5,1964,1425,0,3,RL,IR1,NAmes,Y,Normal,7,2008
172500,2645,8,5,1999,983,756,3,FV,Reg,Somerst,Y,Abnorml,8,2009
196500,11645,7,5,2004,860,860,3,RL,IR1,CollgCr,Y,Normal,8,2006
438780,13682,10,5,2006,1426,1519,3,RL,IR2,StoneBr,Y,Partial,10,2006
124900,7200,5,7,1972,780,0,2,RL,Reg,CollgCr,Y,Normal,1,2008
158000,13072,6,5,2004,1158,0,3,RL,Reg,SawyerW,Y,Partial,5,2006
101000,7200,5,7,1920,581,530,3,RM,Reg,IDOTRR,N,Normal,3,2007
202500,6442,8,5,2006,1370,0,2,RL,IR1,NridgHt,Y,Normal,10,2007
140000,10300,7,6,1921,902,808,3,RM,IR1,OldTown,Y,Normal,4,2010
219500,9375,7,5,1997,1057,977,3,RL,Reg,CollgCr,Y,Normal,2,2009
317000,9591,8,5,2004,1143,1330,4,RL,Reg,NridgHt,Y,Normal,10,2007
180000,19900,7,5,1970,2207,0,3,RL,Reg,NAmes,Y,Normal,7,2010
226000,10665,7,5,2003,1479,0,3,RL,IR1,CollgCr,Y,Normal,6,2007
80000,4608,4,6,1945,747,0,2,RM,Reg,OldTown,Y,Normal,6,2010
225000,15593,7,4,1953,1304,983,3,RL,Reg,ClearCr,Y,Normal,7,2006
244000,13651,7,6,1973,2223,0,3,RL,IR1,NAmes,Y,Normal,2,2007
129500,7599,4,6,1982,845,0,2,RL,Reg,Mitchel,Y,Normal,6,2007
185000,10141,7,5,1998,885,833,3,RL,IR1,Gilbert,Y,Normal,12,2009
144900,10200,5,7,1954,1086,0,3,RL,Reg,NAmes,Y,Normal,5,2010
107400,5790,3,6,1915,840,765,3,RM,Reg,OldTown,N,Normal,5,2010
91000,1596,4,5,1973,526,462,2,RM,Reg,MeadowV,Y,Normal,11,2009
135750,8475,4,7,1956,952,0,2,RL,IR1,NAmes,Y,Normal,4,2008
127000,8635,5,5,1948,1072,213,2,RM,Reg,BrkSide,Y,Normal,1,2008
136500,10778,4,5,1968,1768,0,4,RL,Reg,Sawyer,N,Normal,4,2010
110000,10440,5,6,1910,682,548,2,RM,Reg,OldTown,Y,Normal,5,2009
193500,13000,6,6,1968,1182,960,4,RL,Reg,NAmes,Y,Normal,6,2009
153500,4500,6,5,1998,1337,0,2,RM,Reg,Mitchel,Y,Normal,3,2006
245000,10206,8,5,2007,1563,0,3,RL,Reg,Somerst,Y,Normal,10,2008
126500,8892,5,5,1960,1065,0,3,RL,IR1,NAmes,Y,Normal,7,2007
168500,8530,7,5,1995,804,670,3,RL,IR1,Gilbert,Y,Normal,5,2009
260000,16059,8,5,1991,1301,1116,4,RL,Reg,NoRidge,Y,Normal,4,2006
174000,11911,6,5,2005,684,876,3,RL,IR2,Gilbert,Y,Normal,3,2009
164500,3951,6,5,2009,612,612,2,FV,Reg,Somerst,Y,Partial,6,2009
85000,8470,3,2,1915,1013,0,2,C (all),IR1,IDOTRR,N,Abnorml,10,2009
123600,8070,4,5,1994,990,0,3,RL,Reg,CollgCr,Y,Normal,8,2007
109900,7200,4,5,1950,1040,0,2,RL,Reg,NAmes,Y,Normal,7,2006
98600,8500,5,3,1961,1235,0,2,RL,Reg,NAmes,Y,Abnorml,12,2006
163500,13360,5,7,1921,964,0,2,RL,IR1,Crawfor,Y,Normal,8,2009
133900,7200,6,6,1910,1260,1031,4,C (all),Reg,OldTown,N,Normal,11,2007
204750,9337,6,5,1997,905,881,3,RL,IR1,CollgCr,Y,Normal,5,2007
185000,9765,6,8,1993,680,790,3,RL,IR2,Gilbert,Y,Normal,4,2009
214000,10264,7,5,1999,1588,0,3,RL,IR1,CollgCr,Y,Normal,8,2006
94750,10921,4,5,1965,960,0,3,RL,Reg,Edwards,Y,Normal,5,2007
83000,10625,5,5,1920,835,0,2,RL,Reg,Edwards,N,Abnorml,5,2010
128950,9320,4,5,1959,1225,0,3,RL,IR1,NAmes,Y,Normal,1,2010
205000,10603,6,7,1977,1610,0,3,RL,IR1,NWAmes,Y,Normal,2,2010
178000,9206,6,5,1985,977,755,3,RL,Reg,SawyerW,Y,Normal,6,2010
118964,7018,5,5,1979,1535,0,4,RL,Reg,SawyerW,Y,Alloca,6,2009
198900,10402,7,5,2009,1226,0,3,RL,IR1,CollgCr,Y,Normal,5,2010
169500,7758,7,4,1931,1226,592,4,RM,Reg,IDOTRR,Y,Normal,6,2007
250000,9375,8,5,2003,1053,939,3,FV,Reg,Somerst,Y,Normal,8,2008
100000,10800,4,7,1885,1047,0,2,RM,Reg,OldTown,Y,Normal,8,2007
115000,6000,5,5,1948,789,0,2,RM,Reg,OldTown,Y,Partial,4,2008
115000,8500,5,7,1919,997,520,3,RM,Reg,IDOTRR,N,Normal,8,2007
190000,11751,6,6,1977,1844,0,3,RL,IR1,NWAmes,Y,Normal,1,2010
136900,9525,6,4,1954,1216,639,4,RL,Reg,Edwards,Y,Normal,10,2006
180000,7750,7,5,2000,774,656,3,RL,IR1,Gilbert,Y,Normal,4,2010
383970,9965,7,5,2007,1282,1414,4,RL,Reg,CollgCr,Y,Partial,10,2007
217000,21000,6,5,1953,2259,0,3,RL,Reg,Crawfor,Y,Abnorml,10,2007
259500,7259,6,8,1945,1436,884,3,RL,IR1,Crawfor,Y,Normal,7,2007
176000,3230,6,5,1999,729,729,2,FV,Reg,Somerst,Y,Normal,6,2007
139000,11616,5,5,1962,1092,0,3,RL,Reg,Sawyer,Y,Normal,9,2009
155000,8536,5,5,2006,1125,0,2,RL,Reg,Edwards,Y,Partial,4,2007
320000,12376,7,5,1990,1699,1523,5,RL,Reg,SawyerW,Y,Normal,5,2010
163990,8461,6,5,2005,728,728,3,RL,Reg,CollgCr,Y,Partial,7,2006
180000,21453,6,5,1969,988,0,1,RL,IR1,ClearCr,Y,Normal,10,2006
100000,6060,4,5,1939,772,351,3,RM,Reg,IDOTRR,Y,Normal,6,2007
136000,9464,6,7,1958,1080,0,3,RL,Reg,NAmes,Y,Normal,6,2008
153900,7892,6,5,1993,1199,0,2,RL,Reg,SawyerW,Y,Normal,3,2008
181000,17043,6,5,1979,1586,0,3,RL,IR1,NWAmes,Y,Normal,1,2009
84500,6780,6,8,1935,520,0,2,RM,Reg,IDOTRR,N,Normal,6,2006
128000,4928,6,5,1976,958,0,2,RL,IR1,NPkVill,Y,Normal,2,2007
87000,4388,5,7,1930,840,0,3,RM,IR1,OldTown,Y,Normal,6,2007
155000,7590,6,5,1966,660,688,3,RL,Reg,NAmes,Y,Normal,7,2006
150000,8973,5,7,1958,1053,0,3,RL,Reg,NAmes,Y,Abnorml,7,2006
226000,14200,7,6,1966,1216,941,4,RL,Reg,NAmes,Y,Normal,5,2006
244000,12224,6,5,2000,1022,1032,3,RL,IR1,Gilbert,Y,Normal,7,2009
150750,7388,5,6,1959,1327,0,3,RL,Reg,NAmes,Y,Normal,7,2007
220000,6853,8,5,2001,1296,0,2,RL,IR1,Timber,Y,Normal,6,2009
180000,10335,5,6,1968,1721,0,3,RL,IR1,Sawyer,Y,Normal,7,2006
174000,10400,7,6,1970,1682,0,3,RL,Reg,NWAmes,Y,Normal,5,2008
143000,10355,5,5,1967,1214,0,3,RL,IR1,NAmes,Y,Normal,7,2007
171000,11070,7,5,1988,1959,0,5,RL,Reg,Mitchel,Y,Family,7,2006
230000,9066,8,5,1999,1004,848,3,RL,IR1,CollgCr,Y,Normal,12,2008
231500,15426,6,5,1997,928,836,3,RL,IR1,CollgCr,Y,Normal,8,2009
115000,10500,4,5,1971,864,0,3,RL,Reg,NAmes,Y,Normal,4,2010
260000,11645,7,5,2005,1734,0,3,RL,Reg,CollgCr,Y,Normal,1,2006
166000,8520,5,4,1952,910,475,4,RL,Reg,NAmes,Y,Normal,6,2010
204000,10335,7,5,1999,1501,0,3,RL,IR1,CollgCr,Y,Normal,6,2009
125000,9100,5,5,1963,1728,0,6,RM,Reg,Sawyer,Y,Abnorml,11,2006
130000,2522,6,5,2004,970,739,3,RM,Reg,Edwards,Y,Normal,4,2006
105000,6120,5,7,1931,875,0,2,RM,Reg,BrkSide,Y,Normal,11,2009
222500,9505,7,5,2001,884,1151,3,RL,IR1,Gilbert,Y,Normal,5,2010
141000,7500,7,5,2004,1080,0,3,RL,Reg,SawyerW,Y,Normal,4,2008
115000,6240,5,4,1936,896,448,3,RM,Reg,BrkSide,Y,Normal,4,2006
122000,10356,5,6,1975,969,0,3,RL,Reg,CollgCr,Y,Normal,1,2007
372402,13891,8,5,2007,1710,0,2,RL,Reg,NridgHt,Y,Partial,1,2008
190000,14803,6,5,1971,1097,896,4,RL,IR1,NWAmes,Y,Normal,6,2006
235000,13500,6,7,1960,1252,0,1,RL,Reg,ClearCr,Y,Normal,3,2008
125000,11340,6,5,1923,1200,0,4,RM,Reg,OldTown,Y,Family,3,2006
79000,9600,6,5,1924,572,524,2,RL,Reg,Edwards,N,Normal,4,2008
109500,7200,5,7,1950,1040,0,2,RL,Reg,NAmes,Y,Normal,6,2006
269500,12003,8,5,2009,774,1194,4,RL,Reg,Timber,Y,Partial,5,2010
254900,12552,7,5,2004,991,956,3,FV,Reg,Somerst,Y,Normal,5,2010
320000,19378,7,5,2005,1392,1070,4,RL,IR1,Gilbert,Y,Partial,3,2006
162500,11120,6,6,1984,1232,0,3,RL,IR1,Veenker,Y,Normal,6,2008
412500,13688,9,5,2003,1572,1096,3,RL,IR1,NridgHt,Y,Normal,3,2008
220000,12182,7,5,2005,1541,0,3,RL,Reg,NridgHt,Y,Partial,5,2010
103200,5500,4,6,1956,882,0,1,RL,Reg,OldTown,Y,Normal,4,2007
152000,5400,6,7,1926,1149,467,3,RM,Reg,OldTown,Y,Normal,10,2007
127500,10106,5,7,1940,808,547,4,RL,Reg,Edwards,Y,Normal,9,2008
190000,10708,5,5,1955,1867,0,2,RL,IR1,ClearCr,Y,Normal,11,2009
325624,10562,8,5,2007,1610,551,3,RL,Reg,NridgHt,Y,Partial,11,2007
183500,8244,7,5,2004,840,880,3,RL,IR1,Gilbert,Y,Normal,5,2007
228000,16669,8,6,1981,1707,0,2,RL,IR1,Timber,Y,Normal,1,2006
128500,12358,5,6,1941,854,0,2,RM,IR1,OldTown,Y,Normal,5,2007
215000,31770,6,5,1960,1656,0,3,RL,IR1,NAmes,Y,Normal,5,2010
239000,5306,7,7,1987,1064,703,2,RL,IR1,StoneBr,Y,Normal,6,2006
163000,10197,6,5,1961,1362,0,3,RL,IR1,NAmes,Y,Normal,6,2008
184000,12416,6,5,1986,1651,0,3,RL,IR1,Timber,Y,Normal,11,2008
243000,12615,6,7,1950,2158,0,4,RL,Reg,Edwards,Y,Normal,6,2007
211000,10029,6,5,1988,1164,896,4,RL,IR1,ClearCr,Y,Normal,9,2007
172500,13650,5,5,1958,1252,668,4,RL,Reg,Sawyer,Y,Normal,7,2006
501837,17423,9,5,2008,2234,0,1,RL,IR1,StoneBr,Y,Partial,7,2009
100000,8520,5,6,1923,968,0,2,RM,Reg,OldTown,Y,Normal,7,2007
177000,2117,6,5,2000,769,756,3,FV,Reg,Somerst,Y,Normal,6,2007
200100,7588,7,6,1920,901,901,4,RL,Reg,Crawfor,Y,Normal,7,2006
120000,9060,5,6,1957,1340,0,3,RL,Reg,Edwards,Y,Normal,6,2007
200000,11426,7,5,2003,1362,720,3,RM,Reg,OldTown,Y,Normal,6,2008
127000,7438,5,8,1908,936,316,3,RL,IR1,BrkSide,Y,Normal,6,2006
475000,22950,10,9,1892,1518,1518,4,RM,IR2,OldTown,Y,Normal,6,2006
173000,9947,7,5,1990,1217,0,3,RL,IR1,Mitchel,Y,Normal,6,2009
135000,10410,5,7,1916,808,704,3,RL,Reg,OldTown,Y,Normal,8,2009
153337,7018,5,5,1979,1224,0,2,RL,Reg,SawyerW,Y,Alloca,6,2009
286000,4923,8,5,2001,1593,0,0,RL,Reg,StoneBr,Y,Normal,8,2008
315000,10570,8,8,1932,1549,1178,3,RL,Reg,Crawfor,Y,Normal,12,2007
184000,7472,7,9,1972,725,754,4,RL,IR1,NAmes,Y,Normal,6,2007
192000,9017,7,5,1999,1431,0,3,RL,IR1,CollgCr,Y,Normal,9,2009
130000,2522,7,5,2004,970,739,3,RM,Reg,Edwards,Y,Normal,5,2006
127000,7180,5,7,1972,864,0,3,RL,IR1,CollgCr,Y,Normal,5,2008
148500,2280,6,6,1976,855,601,3,RL,Reg,NPkVill,Y,Normal,7,2009
311872,9416,7,5,2007,1726,0,3,RL,Reg,Somerst,Y,Partial,9,2007
235000,25419,8,4,1918,1360,1360,4,RL,Reg,NAmes,Y,Abnorml,3,2006
104000,5520,6,6,1912,929,929,5,RM,Reg,OldTown,Y,Abnorml,7,2009
274900,9591,8,5,2004,1713,0,3,RL,Reg,NridgHt,Y,Normal,1,2009
140000,8546,4,5,2003,1121,0,2,RM,Reg,Edwards,Y,Normal,3,2010
171500,10125,6,6,1977,1279,0,3,RL,Reg,Mitchel,Y,Normal,2,2008
112000,7000,6,6,1924,865,445,2,RL,Reg,OldTown,Y,Normal,5,2006
149000,4438,6,5,2004,848,0,1,RM,Reg,CollgCr,Y,Normal,1,2008
110000,3500,5,7,1947,720,564,2,RM,Reg,OldTown,Y,Normal,4,2009
180500,11851,7,5,1990,1442,0,3,RL,Reg,Gilbert,Y,Normal,5,2009
143900,13673,5,5,1962,1696,0,3,RL,IR1,Sawyer,Y,Normal,3,2007
141000,12493,4,5,1960,1100,0,3,RL,IR1,NAmes,Y,Normal,4,2008
277000,14364,7,5,1988,1180,882,3,RL,IR1,SawyerW,Y,Normal,4,2007
145000,8250,6,7,1964,1092,0,3,RL,Reg,NAmes,Y,Normal,7,2008
98000,5604,5,6,1925,864,0,2,RL,Reg,Edwards,N,Normal,4,2008
186000,10420,6,5,2009,1212,0,3,RL,Reg,Edwards,Y,Normal,3,2010
252678,8640,7,5,2009,932,920,3,FV,Reg,Somerst,Y,Partial,7,2009
156000,13568,5,5,1995,990,0,3,RL,IR2,CollgCr,Y,Normal,7,2006
161750,10900,6,7,1977,689,703,3,RL,IR1,CollgCr,Y,Normal,3,2010
134450,10011,5,6,1957,1236,0,2,RL,IR1,NAmes,Y,Normal,5,2006
210000,8450,7,5,2004,1436,0,3,RL,Reg,CollgCr,Y,Normal,4,2008
107000,9906,4,4,1925,810,518,3,RM,Reg,OldTown,N,Family,9,2006
311500,15660,7,9,1939,1137,817,3,RL,IR1,Crawfor,Y,Normal,5,2008
167240,3010,7,5,2005,1248,0,2,RL,Reg,Blmngtn,Y,Partial,3,2006
204900,8990,7,5,2006,1498,0,2,RL,IR1,CollgCr,Y,Partial,4,2006
200000,8068,6,5,2002,1010,1257,4,RL,IR1,Gilbert,Y,Normal,12,2009
179900,11475,6,6,1975,811,741,3,RL,Reg,NWAmes,Y,Normal,2,2006
97000,10500,4,6,1971,864,0,2,RL,Reg,NAmes,Y,Abnorml,3,2009
386250,13472,10,5,2003,2392,0,3,RL,Reg,NridgHt,Y,Normal,6,2009
112000,1680,5,5,1971,630,672,3,RM,Reg,BrDale,Y,Abnorml,5,2009
290000,9950,7,5,1995,1214,1306,4,RL,IR1,NoRidge,Y,Abnorml,6,2007
106000,1869,6,6,1970,483,504,2,RM,Reg,BrDale,Y,Normal,9,2008
125000,8521,5,5,1967,912,0,3,RL,Reg,Sawyer,Y,Normal,5,2010
192500,3182,7,5,2005,1555,0,2,RL,Reg,Blmngtn,Y,Normal,5,2009
148000,8760,6,6,1959,1194,0,3,RL,Reg,NAmes,Y,Normal,4,2010
403000,15138,8,5,1995,1490,1304,4,RL,IR1,NoRidge,Y,Normal,7,2009
94500,1680,6,5,1972,483,504,2,RM,Reg,BrDale,Y,Normal,6,2006
128200,10650,5,6,1976,894,0,3,RL,Reg,CollgCr,Y,Normal,2,2010
216500,7851,6,5,2002,860,1100,4,RL,Reg,Gilbert,Y,Normal,5,2010
89500,1680,6,3,1971,483,504,2,RM,Reg,BrDale,Y,Normal,8,2008
185500,8773,7,5,2004,1414,0,3,RL,Reg,CollgCr,Y,Normal,5,2010
194500,9453,7,7,1993,1014,730,3,RL,IR1,SawyerW,Y,Normal,2,2010
318000,12030,8,5,2007,1694,0,3,RL,Reg,NridgHt,Y,Partial,12,2007
113000,8741,6,4,1945,798,689,3,RL,Reg,Edwards,Y,Normal,4,2010
262500,9000,8,5,2008,1566,0,3,FV,Reg,Somerst,Y,Normal,4,2010
110500,3880,5,9,1945,866,0,2,RM,Reg,OldTown,Y,Normal,8,2007
79000,5000,5,4,1900,889,551,3,RM,Reg,OldTown,N,Normal,4,2006
120000,10762,6,6,1980,626,591,3,RL,Reg,SawyerW,Y,Normal,4,2009
205000,8880,7,5,1994,1222,888,3,RL,IR1,SawyerW,Y,Normal,5,2010
241500,10400,7,5,1988,1872,0,3,RL,Reg,NWAmes,Y,Normal,6,2006
137000,9142,6,8,1910,908,1020,4,RM,Reg,OldTown,N,Normal,4,2006
140000,11310,6,5,1954,1375,0,2,RL,Reg,NAmes,Y,Normal,6,2006
180000,11317,7,5,2003,840,828,3,RL,Reg,CollgCr,Y,Normal,9,2007
277000,159000,6,7,1958,1444,700,4,RL,IR2,ClearCr,Y,Normal,6,2007
76500,5350,3,2,1940,1306,0,3,RL,IR1,BrkSide,Y,Normal,5,2010
235000,4750,8,5,2006,1625,0,2,RM,IR1,Crawfor,Y,Family,12,2007
173000,8366,6,5,2004,798,842,3,RL,IR1,SawyerW,Y,Normal,12,2008
158000,9350,6,7,1964,1302,0,3,RL,Reg,NAmes,Y,Normal,10,2007
145000,8400,5,6,1957,1314,0,3,RL,Reg,NAmes,Y,Normal,6,2010
230000,8738,7,5,1999,1005,1286,4,RL,IR1,Gilbert,Y,Normal,2,2006
207500,8791,6,5,2003,864,864,3,FV,IR1,Somerst,Y,Normal,5,2008
220000,8814,7,5,2006,1604,0,3,RL,Reg,CollgCr,Y,Abnorml,3,2009
231500,12435,7,5,2001,963,829,3,RL,Reg,CollgCr,Y,Normal,5,2008
97000,12702,5,5,1956,882,0,2,RM,Reg,OldTown,Y,Normal,12,2008
176000,19296,6,5,1962,1382,0,3,RL,Reg,NAmes,Y,Normal,5,2009
276000,9588,8,5,2007,1482,1092,3,RL,IR1,CollgCr,Y,Partial,11,2007
151000,8471,6,7,1977,1212,0,3,RL,IR1,Sawyer,Y,Normal,7,2006
130000,5500,5,7,1929,926,0,3,RM,Reg,OldTown,Y,Normal,4,2010
73000,5232,5,5,1925,764,0,2,RM,IR3,OldTown,N,Normal,6,2008
175500,12090,6,6,1981,1422,0,3,RL,IR1,NWAmes,Y,Normal,6,2008
185000,11207,6,5,1997,802,709,3,RL,IR1,Gilbert,Y,Normal,6,2006
179500,8400,5,8,1939,1052,720,4,RL,Reg,SWISU,Y,Normal,7,2008
120500,6900,5,6,1940,778,0,2,RM,Reg,IDOTRR,Y,Normal,2,2008
148000,7917,6,7,1976,1113,0,3,RL,IR1,Edwards,Y,Normal,5,2007
266000,10728,8,5,2006,1095,844,3,FV,Reg,Somerst,Y,Partial,8,2006
241500,39104,7,7,1954,1363,0,2,RL,IR1,ClearCr,Y,Normal,4,2008
290000,11764,8,7,1999,1164,1106,4,RL,IR1,NoRidge,Y,Normal,4,2010
139000,9600,6,6,1958,1632,0,3,RL,Reg,NAmes,Y,Normal,4,2009
124500,8314,5,7,1982,816,0,2,RL,Reg,Mitchel,Y,Normal,6,2007
205000,7264,7,7,1925,952,596,3,RL,Reg,BrkSide,N,Normal,10,2009
201000,9196,7,5,2003,1560,0,3,RL,IR1,Mitchel,Y,Normal,4,2010
141000,19138,4,5,1951,864,0,2,RL,Reg,Gilbert,Y,Normal,6,2010
415298,14450,9,5,2006,2121,0,3,RL,Reg,NridgHt,Y,Partial,5,2007
192000,10005,7,5,1977,1156,866,4,RL,Reg,ClearCr,Y,Normal,3,2008
228500,11287,7,6,1989,1175,807,3,RL,Reg,SawyerW,Y,Normal,1,2007
185000,7200,6,5,2006,1262,0,2,FV,Reg,Somerst,Y,Partial,5,2006
207500,5063,7,5,2007,1314,0,2,RL,Reg,NridgHt,Y,Normal,4,2009
244600,9612,8,5,2008,1468,0,3,RL,Reg,Somerst,Y,Partial,12,2009
179200,8012,6,5,1992,1575,0,2,RL,Reg,SawyerW,Y,Normal,7,2007
164700,4251,7,5,2006,625,625,2,FV,IR1,Somerst,Y,Partial,6,2007
159000,9786,6,7,1962,1085,649,3,RL,IR1,NAmes,Y,Normal,6,2006
88000,8125,4,4,1971,858,0,3,RL,IR1,NAmes,Y,Normal,6,2006
122000,9819,5,5,1967,900,0,3,RL,IR1,Sawyer,Y,Normal,2,2010
153575,8730,6,7,1915,698,698,3,RL,Reg,BrkSide,Y,Normal,7,2007
233230,15611,8,5,2006,1079,840,3,RL,Reg,CollgCr,Y,Partial,7,2006
135900,5687,5,6,1912,936,780,6,RL,Reg,SWISU,N,Normal,3,2008
131000,11409,5,4,1949,1148,568,3,RL,Reg,Edwards,Y,Normal,1,2009
235000,16659,7,7,1977,1468,795,3,RL,IR1,NWAmes,Y,Normal,3,2006
167000,9600,6,5,1953,1644,0,3,RL,Reg,NAmes,Y,Normal,10,2009
142500,7937,6,6,1984,1003,0,3,RL,IR1,Mitchel,Y,Normal,3,2006
152000,13710,5,5,1950,910,648,4,RM,Reg,IDOTRR,Y,Normal,6,2007
239000,7399,7,5,1997,975,975,3,FV,IR1,Somerst,Y,Normal,6,2007
175000,11700,6,6,1968,1041,702,3,RL,Reg,NWAmes,Y,Normal,6,2007
158500,14000,6,8,1950,1152,0,3,RL,Reg,Crawfor,Y,Family,8,2009
157000,15750,5,5,1953,1336,0,2,RL,Reg,Crawfor,Y,Normal,6,2006
267000,16226,8,5,1998,1210,1242,4,RL,IR3,CollgCr,Y,Normal,5,2007
205000,13704,7,5,2001,1541,0,3,RL,IR1,CollgCr,Y,Normal,1,2006
149900,9800,5,7,1972,894,0,3,RL,Reg,CollgCr,Y,Abnorml,7,2006
295000,18386,7,9,1880,1675,1818,3,RM,Reg,OldTown,Y,Normal,5,2008
305900,10386,8,5,2004,2000,0,3,RL,Reg,CollgCr,Y,Normal,7,2007
225000,13474,7,5,1990,1122,1121,4,RL,Reg,SawyerW,Y,Normal,6,2007
89500,7920,6,7,1920,1035,371,3,RM,IR1,IDOTRR,Y,Normal,3,2008
82500,12342,4,5,1940,861,0,1,RL,IR1,Edwards,Y,Normal,3,2009
360000,12378,9,5,2003,1944,0,3,RL,IR1,NridgHt,Y,Normal,11,2006
165600,7685,6,5,1993,697,804,3,RL,IR1,Gilbert,Y,Normal,5,2006
132000,8000,6,6,1948,972,0,2,RL,Reg,NAmes,Y,Normal,5,2009
119900,7800,5,7,1939,793,325,3,RM,Reg,OldTown,Y,Normal,5,2006
375000,215245,7,5,1965,2036,0,3,RL,IR3,Timber,Y,Normal,6,2009
178000,9600,7,7,1925,832,809,3,RM,Reg,OldTown,Y,Normal,8,2006
188500,7795,7,5,2004,716,716,3,RL,IR1,Gilbert,Y,Normal,7,2009
260000,13005,7,7,1980,1153,1200,4,RL,IR1,NWAmes,Y,Normal,8,2009
270000,9000,8,5,2006,1088,871,3,FV,Reg,Somerst,Y,Normal,12,2007
260000,9900,7,5,1993,1372,1274,4,RL,Reg,NoRidge,Y,Normal,4,2009
187500,14115,7,5,1980,1472,0,3,RL,Reg,NWAmes,Y,Normal,6,2009
342643,16259,9,5,2006,1249,1347,4,RL,Reg,NridgHt,Y,Partial,9,2006
354000,12099,8,5,2004,1136,1332,4,RL,IR1,NridgHt,Y,Normal,6,2007
301000,10380,7,5,1986,1553,1177,4,RL,IR1,SawyerW,Y,Normal,8,2007
126175,5820,3,8,1955,1163,0,3,RM,Reg,OldTown,Y,Normal,7,2006
242000,11275,7,7,1967,1898,1080,5,RL,Reg,NAmes,Y,Normal,6,2010
87000,5000,5,6,1941,803,0,2,RM,Reg,IDOTRR,N,Normal,12,2007
324000,10846,8,5,1993,1719,0,1,RL,IR1,Veenker,Y,Normal,5,2008
145250,11600,6,5,1960,1383,0,3,RL,Reg,NAmes,Y,Normal,4,2006
214500,11888,6,6,1916,1445,689,5,RL,IR1,BrkSide,N,Normal,7,2009
78000,6402,5,5,1920,596,596,3,RM,Reg,IDOTRR,N,Normal,7,2009
119000,10624,5,4,1964,1728,0,6,RL,IR1,NAmes,Y,Normal,11,2007
139000,8176,5,6,1958,1056,0,3,RL,Reg,NAmes,Y,Normal,8,2007
284000,10655,8,5,2003,1629,0,3,RL,IR1,NridgHt,Y,Normal,10,2009
207000,8198,7,5,2004,1358,0,2,RM,Reg,NridgHt,Y,Normal,7,2008
192000,9042,6,5,1998,943,695,3,RL,IR1,Gilbert,Y,Normal,7,2008
228950,164660,5,6,1965,1619,167,3,RL,IR1,Timber,Y,Normal,8,2008
377426,14157,9,5,2005,1922,0,3,RL,IR1,StoneBr,Y,Normal,7,2007
214000,9135,7,5,2002,1536,0,3,RL,Reg,CollgCr,Y,Normal,12,2008
202500,14145,7,7,1984,1621,0,3,RL,Reg,NWAmes,Y,Normal,5,2006
155000,12400,6,7,1958,1215,0,3,RL,IR1,NAmes,Y,Normal,6,2009
202900,14191,8,5,2002,993,915,4,RL,Reg,Timber,Y,Normal,4,2010
82000,8400,4,4,1950,841,0,2,RH,Reg,SawyerW,Y,Normal,9,2009
87500,8544,3,4,1949,1040,0,2,RL,Reg,NAmes,N,Normal,5,2006
266000,8849,9,5,2005,1684,0,2,RL,IR1,NridgHt,Y,Normal,7,2008
85000,2592,5,3,1976,536,576,3,RM,Reg,MeadowV,Y,Normal,4,2010
140200,6435,6,5,1939,972,605,3,RL,Reg,BrkSide,Y,Normal,10,2006
151500,12772,6,8,1960,958,0,2,RL,IR1,NAmes,Y,Normal,4,2007
157500,17600,6,5,1960,1478,0,3,RL,IR1,NAmes,Y,Normal,12,2009
154000,2448,7,5,2003,764,862,2,RL,Reg,NridgHt,Y,Normal,10,2008
437154,20431,9,5,2005,1848,880,4,RL,IR2,NridgHt,Y,Partial,4,2006
318061,7820,9,5,2007,1869,0,2,RL,IR1,NridgHt,Y,Partial,12,2007
190000,5271,7,5,1986,1453,0,2,RL,IR1,ClearCr,Y,Abnorml,12,2006
95000,9084,5,6,1941,616,495,3,RL,Reg,Edwards,N,Normal,3,2008
105900,8520,6,8,1928,720,0,2,RM,Reg,OldTown,Y,Normal,5,2010
140000,8400,6,5,1940,1192,403,2,RL,Reg,SWISU,Y,Normal,6,2006
177500,11249,6,5,1995,1200,0,3,RL,IR2,CollgCr,Y,Normal,8,2007
173000,9248,6,6,1992,1167,0,3,RL,IR1,Gilbert,Y,Normal,7,2009
134000,4224,5,5,1976,1142,0,3,RM,Reg,MeadowV,Y,Normal,8,2007
130000,6930,5,4,1958,1352,0,3,RL,IR1,ClearCr,Y,Abnorml,7,2006
280000,12011,8,5,1998,1086,838,3,RL,IR1,NoRidge,Y,Normal,6,2006
156000,7540,6,6,1978,912,0,2,RL,IR1,Mitchel,Y,Normal,6,2007
145000,9144,5,5,1940,988,517,3,RL,Reg,BrkSide,Y,Normal,7,2008
198500,7301,7,5,2003,495,1427,4,RL,Reg,Edwards,Y,Normal,7,2009
118000,1680,6,8,1972,483,504,2,RM,Reg,BrDale,Y,Normal,5,2009
190000,18800,6,5,1976,790,784,3,RL,IR1,NWAmes,Y,Normal,7,2006
147000,10690,5,7,1920,672,672,3,RM,Reg,IDOTRR,Y,Normal,7,2009
159000,9500,6,5,1963,1394,0,3,RL,IR1,NAmes,Y,Normal,7,2009
165000,9150,6,5,1962,1431,0,3,RL,IR1,NAmes,Y,Normal,12,2008
132000,7800,5,6,1954,1268,0,2,RL,Reg,NAmes,Y,Normal,3,2010
162000,9830,5,7,1959,1287,0,3,RL,IR1,NAmes,Y,Normal,3,2010
172400,8121,6,5,2000,953,711,3,RL,IR1,Gilbert,Y,Normal,1,2006
134432,17120,4,4,1959,1120,468,4,RL,Reg,ClearCr,Y,Normal,7,2008
125000,7175,6,5,1984,752,0,2,RL,Reg,SawyerW,Y,Normal,2,2010
123000,10634,5,6,1953,1319,0,3,RL,Reg,NAmes,Y,Normal,11,2009
219500,8200,7,5,2003,847,1081,4,RL,Reg,CollgCr,Y,Normal,7,2007
61000,10020,1,1,1922,904,0,1,RL,IR1,Edwards,N,Normal,3,2009
148000,8846,5,5,1996,914,0,2,RL,IR1,CollgCr,Y,Normal,7,2006
340000,11143,8,5,2004,1580,886,4,FV,IR1,Somerst,Y,Normal,12,2007
394432,11394,9,2,2010,1856,0,1,RL,Reg,StoneBr,Y,Partial,6,2010
179000,8123,6,5,2000,1007,793,3,RL,IR1,Gilbert,Y,Normal,6,2009
127000,5000,5,6,1924,1026,665,3,RL,Reg,SWISU,Y,Normal,5,2010
187750,7200,7,5,2006,1301,0,2,FV,Reg,Somerst,Y,Partial,8,2006
213500,9245,7,5,2006,939,858,3,RL,IR1,CollgCr,Y,Normal,4,2007
76000,9000,6,3,1928,784,0,2,RH,Reg,SawyerW,N,Normal,10,2009
240000,53107,6,5,1992,1079,874,3,RL,IR2,ClearCr,Y,Normal,6,2007
192000,3182,8,5,2004,1269,0,2,RL,Reg,Blmngtn,Y,Normal,4,2010
81000,8410,5,3,1910,658,526,5,RL,Reg,Edwards,Y,AdjLand,5,2006
125000,7200,6,6,1976,1125,0,3,RL,Reg,Edwards,Y,Abnorml,10,2009
191000,9382,7,5,1999,1479,0,3,RL,IR1,CollgCr,Y,Normal,7,2008
426000,12474,10,5,2007,1742,590,3,RL,Reg,NridgHt,Y,Partial,8,2008
119000,8405,5,8,1900,961,406,4,RL,Reg,Edwards,Y,Normal,4,2008
215000,12209,6,5,2001,804,1157,3,RL,IR1,Mitchel,Y,Normal,6,2009
106500,8339,5,7,1959,882,0,3,RL,IR1,NAmes,Y,Normal,7,2007
100000,7446,4,5,1941,788,0,2,RL,Reg,BrkSide,Y,Abnorml,4,2006
109000,10134,5,6,1940,735,299,2,RL,Reg,OldTown,Y,Normal,7,2007
129000,9571,5,6,1956,1144,0,3,RL,Reg,Edwards,Y,Normal,6,2010
123000,7200,5,5,1972,894,0,2,RL,Reg,CollgCr,Y,Normal,9,2009
169500,7590,5,5,1962,876,936,4,RL,Reg,NAmes,Y,Normal,7,2007
67000,8967,5,2,1920,1077,0,2,RM,Reg,IDOTRR,Y,Abnorml,11,2007
241000,8125,7,5,2006,1112,438,2,FV,Reg,Somerst,Y,Normal,10,2009
245500,14963,8,5,1996,1288,0,1,RL,IR2,Veenker,Y,Normal,12,2008
164990,8767,7,5,2005,1310,0,3,RL,IR1,CollgCr,Y,Partial,7,2006
108000,10200,5,8,1940,672,0,2,RL,Reg,Sawyer,Y,Normal,8,2008
258000,12090,8,5,1998,1165,1098,4,RL,Reg,NoRidge,Y,Abnorml,7,2006
168000,10364,6,5,1995,806,766,3,RL,IR1,Gilbert,Y,Normal,5,2007
150000,9991,4,4,1976,1620,0,3,RL,IR1,Sawyer,Y,Normal,6,2009
115000,10480,6,5,1936,1166,0,3,RL,Reg,SWISU,Y,Normal,3,2008
177000,15576,6,7,1915,840,840,4,RL,Reg,Crawfor,Y,Normal,3,2008
280000,14154,7,5,2006,1071,1101,3,RL,Reg,NridgHt,Y,Partial,8,2007
339750,10800,8,5,2007,1050,1028,3,FV,Reg,Somerst,Y,Partial,4,2008
60000,9571,5,3,1958,1276,0,3,RL,Reg,Edwards,Y,Abnorml,6,2009
145000,34650,5,5,1955,1056,0,3,RL,Reg,Gilbert,N,Normal,1,2006
222000,4403,7,5,2009,1478,0,2,FV,IR2,Somerst,Y,Partial,6,2010
115000,8960,5,6,1927,1028,0,2,RM,Reg,OldTown,Y,Normal,3,2010
228000,11228,7,5,1993,1080,1017,3,RL,IR2,SawyerW,Y,Normal,12,2008
181134,8899,7,5,2007,1340,0,3,RL,IR1,Gilbert,Y,Partial,8,2007
149500,7844,6,7,1978,672,728,3,RL,Reg,Sawyer,Y,Normal,3,2006
239000,22420,6,6,1918,1370,1254,4,RL,IR1,Crawfor,N,Normal,11,2007
126000,8160,5,6,1940,756,378,3,RL,Reg,Edwards,N,AdjLand,4,2007
142000,8450,5,6,1968,1056,0,3,RL,Reg,NAmes,Y,Normal,7,2010
206300,7060,7,5,1997,1344,0,2,RM,Reg,Mitchel,Y,Alloca,11,2008
215000,16635,6,7,1977,1602,0,3,RL,IR1,NWAmes,Y,Normal,6,2009
113000,21750,5,5,1954,988,0,2,RL,Reg,Mitchel,Y,Normal,2,2008
315000,9200,8,5,1998,1470,1160,4,RL,Reg,NoRidge,Y,Normal,6,2008
139000,9000,6,5,1956,1196,0,2,RL,Reg,NAmes,Y,Normal,5,2008
135000,3378,7,8,1946,707,682,3,RM,Reg,OldTown,Y,Normal,9,2009
275000,12800,7,5,1989,1644,0,2,RL,Reg,SawyerW,Y,Normal,8,2009
109008,8593,4,6,1957,907,0,3,RL,IR1,NAmes,Y,Normal,7,2008
195400,6762,7,5,2007,1208,0,2,RL,Reg,CollgCr,Y,Partial,9,2007
175000,11457,6,5,1988,1412,0,3,RL,IR1,Timber,Y,Normal,3,2009
85400,1680,6,5,1971,483,504,2,RM,Reg,BrDale,Y,Abnorml,7,2008
79900,5586,6,7,1920,1088,110,4,RM,IR1,OldTown,Y,Abnorml,9,2008
122500,1920,5,5,1971,765,600,2,RM,Reg,BrDale,Y,Normal,8,2007
181000,10839,6,5,1997,926,678,3,RL,IR1,Gilbert,Y,Normal,7,2008
81000,1890,4,7,1972,630,0,1,RM,Reg,MeadowV,Y,Normal,6,2008
212000,10667,7,6,1996,827,834,3,RL,IR2,CollgCr,Y,Normal,4,2009
116000,4400,6,8,1920,734,384,2,RM,Reg,OldTown,Y,Normal,10,2006
119000,6000,6,7,1926,904,0,2,RM,Reg,BrkSide,Y,Normal,1,2009
90350,4280,5,6,1913,694,0,2,RL,Reg,Crawfor,N,Normal,3,2007
110000,12354,6,8,1920,684,512,3,RL,Reg,Edwards,Y,Normal,8,2009
555000,15431,10,5,2008,2402,0,2,RL,Reg,NridgHt,Y,Normal,4,2009
118000,12108,4,4,1955,1440,0,4,RL,Reg,Edwards,N,Normal,9,2008
162900,6240,5,7,1930,1128,445,3,RM,Reg,BrkSide,Y,Normal,6,2008
172500,3922,7,5,2006,1258,0,2,RL,Reg,Blmngtn,Y,Partial,6,2007
210000,8750,7,5,1994,933,975,4,RL,Reg,CollgCr,Y,Normal,7,2008
127500,9855,6,5,1956,1689,0,3,RL,Reg,Edwards,Y,Normal,11,2009
190000,16492,6,6,1966,1888,0,2,RL,IR1,NAmes,Y,Normal,6,2010
199900,11214,7,5,1998,956,930,4,RL,IR1,Gilbert,Y,Normal,7,2006
119500,8600,6,6,1937,780,596,3,RM,Reg,IDOTRR,Y,Normal,6,2006
120000,6000,3,7,1948,679,504,2,RM,Reg,OldTown,Y,Normal,6,2007
110000,5684,6,8,1930,813,0,2,RM,Reg,OldTown,Y,Normal,6,2006
280000,70761,7,5,1975,1533,0,2,RL,IR1,ClearCr,Y,Normal,12,2006
204000,9303,6,5,1996,888,868,3,RL,IR1,Timber,Y,Normal,7,2007
210000,9000,8,5,2008,786,804,3,FV,Reg,Somerst,Y,Normal,6,2009
188000,9297,5,5,1976,1728,0,4,RL,Reg,Mitchel,Y,Family,7,2006
175500,9600,7,6,1973,1242,0,3,RL,Reg,NWAmes,Y,Normal,9,2007
98000,4571,5,5,1916,624,720,4,RM,Reg,OldTown,N,Abnorml,5,2008
256000,53227,4,6,1954,1663,0,2,RL,IR1,ClearCr,Y,Normal,3,2008
161000,5100,8,7,1925,833,833,3,RM,Reg,OldTown,Y,Normal,6,2008
110000,7015,5,4,1950,979,224,3,RL,IR1,BrkSide,Y,Normal,7,2009
263435,8004,8,5,2009,832,1103,3,FV,IR1,Somerst,Y,Partial,12,2009
155000,7200,7,9,1936,575,560,3,RL,Reg,SWISU,Y,Normal,4,2009
62383,8281,5,5,1965,864,0,3,RL,IR1,Sawyer,Y,Normal,12,2009
188700,11988,6,7,1934,849,811,3,RL,IR1,Crawfor,Y,Normal,8,2008
124000,8430,5,5,1978,1040,0,3,RL,Reg,CollgCr,Y,Normal,8,2009
178740,3072,7,5,2004,1414,0,2,RM,Reg,Blmngtn,Y,Normal,5,2006
167000,10628,7,5,1970,1277,0,2,RL,Reg,NAmes,Y,Normal,4,2007
146500,9480,5,7,1942,888,756,3,RL,Reg,NAmes,Y,Normal,6,2007
250000,11428,8,5,2006,1634,0,3,RL,IR1,NridgHt,Y,Normal,5,2007
187000,9291,6,5,1993,832,878,3,RL,IR1,SawyerW,Y,Normal,6,2008
212000,6820,8,5,1985,1502,0,1,RL,IR1,StoneBr,Y,Normal,6,2010
190000,11952,7,6,1977,1161,808,3,RL,Reg,NWAmes,Y,Normal,11,2007
148000,3675,6,5,2005,1072,0,2,RM,Reg,Edwards,Y,Normal,6,2008
440000,14977,8,5,2006,1976,0,2,RL,IR1,NridgHt,Y,Partial,7,2007
251000,5330,8,5,2000,1652,0,2,RL,Reg,StoneBr,Y,Normal,8,2007
132500,8480,5,6,1963,970,0,2,RL,Reg,Sawyer,Y,Normal,7,2007
208900,13125,6,5,1997,1493,0,3,RL,Reg,CollgCr,Y,Normal,4,2008
380000,13693,9,5,2006,2069,574,3,RL,Reg,NridgHt,Y,Normal,3,2007
297000,10637,8,5,2007,1718,0,3,RL,Reg,CollgCr,Y,Normal,9,2009
89471,5925,4,7,1937,1131,0,2,RM,Reg,OldTown,Y,Alloca,3,2007
326000,16033,9,5,2004,1850,0,3,RL,IR1,NridgHt,Y,Normal,3,2006
374000,11846,9,5,2003,1792,0,2,RL,IR1,NridgHt,Y,Normal,8,2006
155000,2500,7,8,1915,916,910,4,RM,Reg,OldTown,Y,Normal,6,2009
164000,4500,6,5,1998,1216,0,2,RM,Reg,Mitchel,Y,Normal,5,2006
132500,7758,5,7,1962,999,0,3,RL,IR1,Sawyer,Y,Normal,3,2007
147000,9600,5,7,1950,1113,0,3,RL,Reg,NAmes,Y,Normal,7,2009
156000,10289,5,7,1965,1073,0,3,RL,Reg,NAmes,Y,Normal,6,2007
175000,12243,5,6,1971,1484,0,3,RL,IR1,NWAmes,Y,Normal,2,2007
160000,10800,5,4,1900,1766,648,3,RL,Reg,OldTown,N,Normal,5,2006
86000,1526,4,8,1970,630,0,1,RM,Reg,MeadowV,Y,Normal,5,2009
115000,2665,5,6,1976,616,688,3,RM,Reg,MeadowV,Y,Normal,6,2008
133000,9490,6,7,1941,958,620,3,RL,Reg,NAmes,Y,Normal,8,2006
172785,15578,6,5,2006,728,728,3,RL,IR1,Gilbert,Y,Partial,5,2006
155000,7931,5,6,1960,1269,0,3,RL,Reg,NAmes,Y,Normal,6,2008
91300,5784,5,8,1938,886,0,2,RM,Reg,OldTown,Y,Normal,12,2009
34900,7879,4,5,1920,720,0,2,C (all),Reg,IDOTRR,N,Abnorml,11,2009
430000,12692,8,5,1992,3228,0,4,RL,IR1,NoRidge,Y,Normal,5,2007
184000,9120,7,6,1925,1133,687,4,RL,Reg,BrkSide,Y,Normal,6,2008
130000,7800,5,7,1967,899,0,3,RL,Reg,Sawyer,Y,Normal,6,2009
120000,7535,5,7,1958,912,0,2,RL,IR1,NAmes,Y,Normal,6,2007
113000,1890,6,5,1973,672,546,3,RM,Reg,BrDale,Y,Normal,5,2007
226700,9803,7,5,2005,866,902,3,FV,Reg,Somerst,Y,Normal,2,2008
140000,9170,5,7,1965,1214,0,2,RL,Reg,Edwards,Y,Normal,4,2007
289000,15602,7,8,1959,1801,0,1,RL,IR1,Crawfor,Y,Normal,3,2010
147000,2308,6,5,1974,855,467,3,RL,Reg,NPkVill,Y,Normal,6,2009
124500,7596,5,5,1952,960,1000,4,RM,Reg,OldTown,Y,Normal,7,2009
215000,9554,8,5,1993,1065,846,3,RL,IR1,SawyerW,Y,Normal,9,2006
208300,7862,6,5,2009,1218,0,2,FV,IR1,Somerst,Y,Partial,9,2009
161000,9600,7,9,1928,689,689,3,RM,Reg,OldTown,Y,Normal,10,2008
124500,9600,5,6,1959,1041,0,3,RL,Reg,NAmes,Y,Normal,7,2009
164900,14559,5,7,1951,1363,0,2,RL,Reg,NAmes,Y,Normal,6,2009
202665,6792,7,5,2005,1368,0,2,RL,IR1,NridgHt,Y,Partial,3,2006
129900,9100,5,5,1958,864,0,3,RL,Reg,NAmes,Y,Normal,7,2006
134000,9187,6,5,1983,1080,0,3,RL,Reg,Mitchel,Y,Normal,6,2007
96500,10594,5,5,1926,789,0,2,RL,Reg,Crawfor,N,Normal,6,2007
402861,12220,10,5,2009,2020,0,3,RL,Reg,NridgHt,Y,Partial,9,2009
158000,10448,6,6,1972,1378,741,3,RL,IR1,NWAmes,Y,Abnorml,8,2009
265000,10208,7,5,1996,1277,1067,3,RL,IR1,NoRidge,Y,Normal,7,2009
211000,9531,6,5,1998,882,914,3,RL,IR1,CollgCr,Y,Normal,5,2007
234000,10918,7,9,1926,1276,804,3,RL,Reg,Crawfor,Y,Normal,6,2009
106250,10800,4,7,1900,694,600,3,RL,Reg,OldTown,N,Normal,8,2008
150000,11988,6,6,1957,1244,0,3,RL,IR1,NAmes,Y,Normal,5,2007
159000,5000,6,7,1947,1004,660,3,RM,Reg,BrkSide,Y,Normal,10,2006
184750,40094,10,5,2007,3138,1538,3,RL,IR1,Edwards,Y,Partial,10,2007
315750,11787,7,5,1996,1383,1015,3,RL,IR1,NoRidge,Y,Normal,8,2007
176000,7500,7,5,2005,1266,0,3,FV,Reg,Somerst,Y,Normal,4,2006
132000,13300,5,7,1956,928,0,2,RL,Reg,NAmes,Y,Normal,6,2007
446261,14948,9,5,2008,1476,1237,3,RL,IR1,NridgHt,Y,Partial,11,2008
86000,9098,4,7,1920,605,0,2,RL,IR1,Edwards,Y,Normal,7,2007
200624,32668,6,3,1957,2515,0,4,RL,IR1,Crawfor,Y,Alloca,3,2007
175000,10200,6,5,1988,1509,0,3,RL,Reg,Timber,Y,Abnorml,8,2008
128000,6155,6,8,1920,751,611,3,RM,IR1,BrkSide,Y,Normal,6,2008
107500,7200,5,7,1955,827,0,2,RL,Reg,NAmes,Y,Normal,4,2010
39300,5000,1,3,1946,334,0,1,RL,Reg,BrkSide,N,Normal,1,2007
178000,9056,8,5,2004,707,707,3,RL,IR1,Gilbert,Y,Normal,10,2006
107500,7000,5,7,1910,820,527,3,RL,Reg,Edwards,Y,Normal,1,2008
188000,8924,7,5,1998,880,844,3,RL,IR1,CollgCr,Y,Normal,7,2008
111250,12735,4,5,1972,864,0,3,RL,IR1,NAmes,Y,Normal,4,2008
158000,11553,5,5,1968,1159,0,3,RL,IR1,Sawyer,Y,Normal,7,2006
272000,11423,8,5,2001,1601,0,3,RL,Reg,CollgCr,Y,Normal,5,2010
315000,14601,9,5,2006,1838,0,2,RL,Reg,Timber,Y,Normal,3,2009
248000,11000,8,5,2000,997,1288,4,RL,Reg,NoRidge,Y,Normal,6,2007
213250,10140,7,5,1998,1680,0,3,RL,Reg,NWAmes,Y,Normal,6,2009
133000,4058,7,5,1998,767,0,1,RH,Reg,NAmes,Y,Normal,6,2007
179665,17104,7,5,2006,664,832,3,RL,IR1,Gilbert,Y,Partial,9,2006
229000,13837,7,5,1988,1377,806,4,RL,IR1,NWAmes,Y,Normal,2,2006
210000,8737,6,7,1923,915,720,3,RL,IR1,BrkSide,Y,Normal,5,2007
129500,7244,5,7,1970,768,0,2,RL,Reg,Mitchel,Y,Normal,4,2007
125000,8235,5,7,1955,825,0,2,RM,IR1,OldTown,Y,Normal,6,2008
263000,9375,7,5,2003,912,1182,4,FV,Reg,Somerst,Y,Normal,11,2009
140000,4043,6,6,1977,1069,0,2,RL,Reg,NPkVill,Y,Abnorml,10,2008
112500,6000,5,6,1957,928,0,3,RM,Reg,OldTown,Y,Normal,6,2008
255500,11146,8,5,2006,1717,0,3,RL,IR1,NridgHt,Y,Normal,7,2009
108000,8777,4,5,1949,1126,0,2,RL,Reg,Edwards,Y,Normal,5,2009
284000,10625,7,5,2003,1006,1040,3,RL,Reg,NridgHt,Y,Normal,8,2008
113000,6380,5,6,1922,1048,0,2,RM,Reg,BrkSide,Y,Normal,8,2006
141000,14850,5,5,1957,1092,0,2,RL,IR1,NAmes,Y,Normal,5,2006
108000,11040,4,6,1920,897,439,3,C (all),Reg,IDOTRR,Y,Normal,9,2006
175000,21872,7,5,1996,729,717,3,RL,IR2,Gilbert,Y,Normal,8,2008
234000,3196,7,5,2003,1557,0,2,RL,Reg,Blmngtn,Y,Normal,10,2006
121500,11341,5,6,1957,1392,0,3,RL,IR1,Sawyer,Y,Normal,5,2010
170000,10010,5,5,1974,1389,0,2,RL,Reg,Mitchel,Y,Normal,4,2006
108000,13907,5,6,1940,996,0,3,RL,Reg,Edwards,Y,Normal,7,2008
185000,21780,6,7,1918,1163,511,4,RL,Reg,Edwards,Y,Normal,7,2008
268000,13346,7,5,1992,1166,1129,4,RL,IR1,NoRidge,Y,Normal,7,2006
128000,6858,6,4,1915,841,806,4,RL,Reg,SWISU,N,Normal,5,2010
325000,11198,9,5,2005,1134,1370,4,RL,IR1,StoneBr,Y,Normal,6,2008
214000,10171,7,5,2004,1535,0,3,RL,IR1,NridgHt,Y,Normal,3,2010
316600,12327,8,8,1983,1496,636,1,RL,IR1,SawyerW,Y,Normal,9,2009
135960,7032,5,5,1979,943,0,2,RL,IR1,NAmes,Y,Normal,12,2006
142600,13101,5,5,1965,1728,0,6,RL,IR1,NAmes,Y,Normal,11,2008
120000,7332,6,6,1959,864,0,2,RL,Reg,NAmes,Y,Abnorml,10,2006
224500,13159,7,5,2009,846,846,3,RL,IR1,Timber,Y,Partial,7,2009
170000,9967,7,5,2000,774,656,3,RL,IR1,Gilbert,Y,Normal,12,2007
139000,10500,5,7,1971,576,533,3,RL,Reg,NAmes,Y,Normal,12,2007
118500,8480,5,5,1947,832,384,2,RL,Reg,NAmes,Y,Abnorml,10,2008
145000,6292,7,7,1928,877,600,3,RL,Reg,SWISU,Y,Normal,8,2009
164500,11777,5,6,1966,1320,0,3,RL,IR1,Sawyer,Y,Abnorml,5,2006
146000,3604,7,5,2007,703,689,2,FV,Reg,Somerst,Y,Abnorml,2,2008
131500,12150,5,5,1954,1050,745,4,RM,Reg,OldTown,N,Normal,11,2008
181900,14585,6,6,1960,1429,0,3,RL,IR1,NAmes,Y,Normal,6,2007
253293,12704,8,5,2008,2042,0,3,RL,Reg,NridgHt,Y,Partial,8,2009
118500,11841,6,5,1990,816,0,3,RL,Reg,Edwards,Y,Normal,5,2007
325000,13500,10,9,1893,1521,1254,3,RM,Reg,OldTown,Y,Normal,7,2008
133000,6120,4,7,1935,989,584,3,RM,Reg,BrkSide,Y,Normal,7,2009
369900,11443,8,5,2005,2028,0,2,RL,Reg,Timber,Y,Partial,3,2006
130000,10267,6,7,1918,838,0,2,RL,Reg,BrkSide,Y,Normal,5,2008
137000,8740,5,6,1982,860,0,2,RL,IR1,Sawyer,Y,Normal,7,2009
143000,25095,5,8,1968,1473,0,1,RL,IR1,ClearCr,Y,Partial,6,2009
79500,9100,5,6,1930,779,0,2,RM,Reg,BrkSide,Y,Normal,8,2008
185900,8320,7,5,2004,770,812,3,RL,Reg,CollgCr,Y,Normal,9,2008
451950,13478,10,5,2008,1728,568,3,RL,IR1,NridgHt,Y,Normal,6,2009
138000,6600,5,8,1982,816,0,2,RL,Reg,Mitchel,Y,Normal,6,2008
140000,4435,6,5,2003,848,0,1,RM,Reg,CollgCr,Y,Normal,5,2009
110000,7990,5,6,1975,924,0,3,RL,IR1,CollgCr,Y,Normal,4,2008
319000,11302,8,5,2005,1826,0,3,RL,IR1,StoneBr,Y,Partial,8,2006
114504,3600,6,7,1910,684,684,3,RM,Reg,OldTown,N,Normal,10,2006
194201,3922,7,5,2006,1402,0,2,RL,Reg,Blmngtn,Y,Partial,2,2007
217500,12984,5,6,1977,1647,0,3,RL,Reg,Crawfor,Y,Normal,3,2006
151000,1950,6,6,1980,716,840,3,RM,Reg,Blueste,Y,Normal,7,2008
275000,10927,8,5,2005,1058,846,3,RL,Reg,NridgHt,Y,Normal,6,2006
141000,9000,6,6,1937,780,595,3,RM,Reg,IDOTRR,Y,Normal,12,2007
220000,10041,8,5,1992,927,988,3,RL,IR1,SawyerW,Y,Abnorml,2,2006
151000,3182,7,5,2004,600,600,2,FV,Reg,Somerst,Y,Normal,6,2010
221000,12803,7,5,2002,1494,0,3,RL,IR1,CollgCr,Y,Normal,9,2008
205000,13600,7,6,1965,1186,800,3,RL,Reg,NAmes,Y,Normal,10,2009
152000,12464,5,5,1996,1040,0,3,RL,IR2,CollgCr,Y,Normal,11,2009
225000,7800,5,8,1948,1112,896,3,RL,Reg,Edwards,Y,Normal,8,2006
359100,12168,8,6,1934,1940,1254,4,RL,Reg,Crawfor,Y,Alloca,9,2007
118500,7943,4,5,1961,1029,0,3,RL,Reg,Sawyer,Y,Normal,4,2007
313000,11050,9,5,2000,1476,677,3,RL,Reg,CollgCr,Y,Normal,5,2009
148000,10395,6,6,1978,1032,0,3,RL,IR1,NWAmes,Y,Normal,7,2007
261500,11885,8,5,2001,1299,573,3,RL,Reg,CollgCr,Y,Normal,11,2009
147000,8402,5,5,2007,1120,0,3,RL,Reg,Mitchel,Y,Partial,12,2007
75500,1491,4,6,1972,630,0,1,RM,Reg,MeadowV,Y,Normal,5,2010
137500,8800,6,7,1963,1054,0,3,RL,Reg,NAmes,Y,Abnorml,5,2010
183200,7861,6,5,2002,807,702,3,RL,IR1,Gilbert,Y,Normal,6,2006
105500,7227,6,6,1954,832,0,2,RL,Reg,NAmes,Y,Normal,6,2008
314813,11694,9,5,2007,1828,0,3,RL,Reg,NridgHt,Y,Partial,7,2007
305000,12244,8,5,2003,1482,780,4,RL,Reg,Timber,Y,Normal,8,2008
67000,8248,3,3,1914,864,0,2,RL,Reg,Edwards,N,Normal,9,2008
240000,10800,6,7,1974,1548,1066,4,RL,Reg,NWAmes,Y,Normal,6,2008
135000,7064,5,6,1977,980,0,3,RL,Reg,Sawyer,Y,Normal,7,2009
168500,2117,6,5,2000,756,756,2,FV,Reg,Somerst,Y,Normal,6,2007
165150,10400,6,5,1972,1012,778,4,RL,Reg,NWAmes,Y,Normal,11,2006
160000,10000,6,6,1962,1116,0,3,RL,IR1,NAmes,Y,Normal,2,2010
139900,12342,5,5,1960,1422,0,3,RL,IR1,NAmes,Y,Normal,8,2007
153000,9600,6,6,1955,1520,0,3,RL,Reg,NAmes,Y,Normal,3,2010
135000,11606,5,5,1969,1040,1040,5,RL,IR1,NAmes,Y,Family,9,2007
168500,9020,6,5,1964,1350,0,3,RL,Reg,NAmes,Y,Normal,6,2008
124000,9000,5,6,1880,1089,661,3,RM,Reg,OldTown,Y,Abnorml,6,2006
209500,4590,8,5,2006,1554,0,2,RL,Reg,NridgHt,Y,Normal,8,2007
82500,11900,7,5,1977,1411,0,3,RL,Reg,NWAmes,Y,Family,4,2009
139400,9250,5,7,1954,1056,0,3,RL,Reg,NAmes,Y,Normal,7,2007
144000,6979,6,5,1980,1056,0,0,RL,Reg,OldTown,Y,Normal,6,2010
200000,10896,6,7,1914,1440,1440,8,RH,Reg,SWISU,Y,Abnorml,3,2007
60000,6120,2,3,1936,800,0,1,RM,Reg,BrkSide,N,Normal,1,2009
93000,6000,5,4,1954,811,576,3,RM,Reg,OldTown,Y,Normal,11,2009
85000,8777,5,7,1910,796,0,2,RL,Reg,Edwards,Y,Normal,5,2008
264561,3982,8,5,2006,1567,0,1,RL,Reg,Blmngtn,Y,Partial,10,2006
274000,12677,8,5,2003,1518,0,1,RL,IR1,NridgHt,Y,Normal,4,2008
226000,7050,7,5,2001,1057,872,3,FV,Reg,Somerst,Y,Normal,5,2007
345000,13860,8,7,1972,2000,704,4,RL,Reg,NAmes,Y,Normal,7,2009
152000,10793,5,5,1969,780,840,4,RL,Reg,NWAmes,Y,Normal,4,2007
370878,9187,9,5,2009,1766,0,2,FV,Reg,Somerst,Y,Partial,10,2009
143250,10530,6,5,1971,981,0,3,RL,IR1,NAmes,Y,Normal,3,2007
98300,7200,5,5,1950,1048,0,3,RL,Reg,NAmes,Y,Normal,7,2008
155000,10452,6,5,1953,1094,0,3,RL,IR1,Edwards,Y,Normal,6,2008
155000,7700,6,5,1966,1051,788,4,RL,Reg,NAmes,Y,Normal,6,2010
84500,1936,4,6,1970,630,0,1,RM,Reg,MeadowV,Y,Normal,12,2007
205950,8125,7,6,2007,822,843,3,FV,Reg,Somerst,Y,Normal,5,2008
108000,9084,4,5,1940,755,755,4,RL,Reg,Edwards,Y,Normal,10,2009
191000,8750,7,5,1996,909,807,2,RL,Reg,CollgCr,Y,Normal,7,2009
135000,10320,6,7,1906,756,713,3,RM,Reg,IDOTRR,Y,Normal,6,2008
350000,10437,8,6,1995,2113,0,2,RL,IR1,NoRidge,Y,Normal,8,2008
88000,1680,6,5,1971,525,567,3,RM,Reg,BrDale,Y,Family,3,2010
145500,10007,5,7,1959,1053,0,3,RL,IR1,NAmes,Y,Normal,8,2008
149000,7200,7,6,1931,851,651,3,RL,Reg,Crawfor,Y,Normal,2,2008
97500,17503,6,5,1948,912,546,3,RL,Reg,NAmes,Y,Abnorml,1,2010
167000,9937,5,7,1964,1486,0,3,RL,Reg,Edwards,Y,Normal,3,2009
197900,12384,7,7,1976,1142,793,3,RL,Reg,NWAmes,Y,Normal,11,2007
402000,46589,8,7,1994,1686,762,4,RL,IR2,NoRidge,Y,Normal,7,2009
110000,13560,6,3,1968,1392,0,2,RL,Reg,NAmes,Y,Normal,7,2009
137500,10012,4,5,1972,1181,0,3,RL,Reg,Edwards,Y,Normal,4,2008
423000,20896,8,5,2005,2097,0,1,RL,IR2,Somerst,Y,Partial,1,2006
230500,11194,8,5,2000,1454,482,3,RL,IR1,Gilbert,Y,Normal,11,2006
129000,18450,6,5,1965,1465,915,3,RL,IR1,NAmes,Y,Abnorml,8,2007
193500,8125,6,5,1994,1679,0,3,RL,Reg,SawyerW,Y,Normal,10,2008
168000,14175,5,6,1956,1437,0,3,RL,Reg,Sawyer,Y,Normal,11,2006
137500,11600,4,5,1922,1180,0,2,RL,Reg,Crawfor,Y,Normal,7,2006
173500,8633,6,5,2005,738,738,3,RL,Reg,CollgCr,Y,Normal,2,2009
103600,6629,6,6,1925,697,672,3,RH,Reg,Edwards,N,Normal,7,2009
165000,11250,6,6,1977,1208,0,3,RL,IR1,Veenker,Y,Normal,6,2006
257500,14442,6,7,1957,1839,0,3,RL,Reg,Crawfor,Y,Normal,6,2007
140000,9200,6,6,1965,1136,0,3,RL,Reg,NAmes,Y,Normal,7,2008
148500,2289,6,6,1978,855,586,3,RL,Reg,NPkVill,Y,Normal,4,2009
87000,9600,4,2,1900,1095,679,4,RM,Reg,OldTown,N,Normal,5,2006
109500,9022,5,8,1924,792,0,2,RL,Reg,OldTown,Y,Normal,5,2009
372500,11844,8,5,2008,2046,0,3,RL,IR1,StoneBr,Y,Partial,7,2009
128500,9945,5,5,1961,988,0,3,RL,IR1,Sawyer,Y,Normal,10,2007
143000,8012,6,5,1980,923,0,2,RL,Reg,SawyerW,Y,Normal,5,2010
159434,4500,5,5,1932,848,672,3,RH,IR2,SWISU,Y,Abnorml,7,2009
173000,2887,6,5,1996,1291,0,2,RL,Reg,ClearCr,Y,Normal,11,2008
285000,11248,9,5,2002,1668,0,3,RL,IR1,CollgCr,Y,Normal,7,2007
221000,16770,7,5,1998,1195,644,4,RL,IR2,NoRidge,Y,Normal,6,2010
207500,5062,7,5,1984,1190,900,3,RL,IR1,StoneBr,Y,Normal,9,2007
227875,10207,7,6,2007,874,887,3,FV,Reg,Somerst,Y,Partial,8,2007
148800,5105,7,5,2004,551,551,2,FV,IR2,Somerst,Y,Normal,3,2007
392000,8089,8,6,2007,1419,0,2,RL,Reg,StoneBr,Y,Partial,10,2007
194700,7577,6,5,2005,1362,0,2,RL,IR1,NridgHt,Y,Normal,6,2007
141000,4426,6,5,2004,848,0,1,RM,Reg,CollgCr,Y,Normal,5,2008
755000,21535,10,6,1994,2444,1872,4,RL,IR1,NoRidge,Y,Normal,1,2007
335000,26178,7,5,1989,1238,1281,4,RL,IR1,Timber,Y,Normal,4,2006
108480,5400,5,6,1921,1073,0,2,RL,Reg,OldTown,Y,Abnorml,12,2006
141500,6120,5,6,1936,1067,472,3,RM,Reg,BrkSide,Y,Normal,4,2009
176000,13811,6,6,1987,1137,0,2,RL,IR1,Timber,Y,Normal,7,2006
89000,6000,5,7,1921,616,0,2,RM,Reg,BrkSide,Y,Normal,6,2006
123500,6420,5,7,1952,1148,0,2,RL,IR1,Edwards,Y,Normal,9,2006
138500,8450,5,8,1965,894,0,3,RL,Reg,Sawyer,Y,Normal,4,2010
196000,4282,7,5,2004,1391,0,2,FV,IR2,Somerst,Y,Normal,7,2008
312500,14331,8,5,2002,1800,0,3,RL,Reg,Timber,Y,Normal,5,2006
140000,9600,7,5,1969,1164,0,3,RL,Reg,NWAmes,Y,Normal,7,2006
361919,12438,8,5,2006,1264,1312,4,RL,IR1,StoneBr,Y,Partial,7,2006
140000,7630,5,9,1900,1032,780,4,RM,Reg,OldTown,Y,Normal,5,2010
213000,8400,7,5,2004,1484,0,3,RL,Reg,CollgCr,Y,Normal,5,2010
55000,5600,4,5,1930,372,720,3,RM,Reg,IDOTRR,N,Normal,7,2010
302000,115149,7,5,1971,1824,0,2,RL,IR2,ClearCr,Y,Normal,6,2007
254000,6240,8,5,2006,1324,0,2,RL,Reg,NridgHt,Y,Normal,12,2009
179540,9018,7,5,2007,728,728,3,RL,IR1,Gilbert,Y,Partial,7,2007
109900,7162,5,7,1966,904,0,3,RL,IR1,Sawyer,Y,Abnorml,12,2008
52000,4130,3,6,1935,729,0,2,RL,IR1,BrkSide,Y,Normal,7,2008
102776,8712,4,7,1900,859,319,2,C (all),Reg,IDOTRR,Y,Abnorml,1,2010
189000,4671,8,5,1988,1228,0,2,RL,IR1,StoneBr,Y,Normal,10,2008
129000,9873,4,5,1970,960,0,3,RL,Reg,BrkSide,N,Normal,5,2006
130500,13517,6,8,1976,725,754,3,RL,IR1,Sawyer,Y,Normal,3,2010
165000,10140,6,5,1974,1350,0,3,RL,Reg,NWAmes,Y,Normal,8,2009
159500,10800,7,8,1890,1576,978,3,RM,Reg,OldTown,Y,Normal,7,2007
157000,10000,5,6,1973,1178,0,3,RL,Reg,NWAmes,Y,Normal,11,2008
341000,10542,7,5,1993,1325,1093,3,RL,Reg,NoRidge,Y,Normal,8,2008
128500,9920,5,6,1969,971,0,3,RL,IR1,CollgCr,Y,Normal,5,2006
275000,6563,8,5,1985,1742,0,2,RL,IR1,StoneBr,Y,Normal,12,2006
143000,4426,6,5,2004,848,0,1,RM,Reg,CollgCr,Y,Normal,5,2010
124500,8120,4,7,1970,864,0,3,RL,Reg,NAmes,Y,Normal,7,2009
135000,8172,4,6,1954,997,473,4,RL,Reg,Edwards,Y,Normal,5,2008
320000,13286,9,5,2007,1698,0,3,RL,IR1,Edwards,Y,Normal,2,2009
120500,6960,4,6,1970,864,0,3,RL,Reg,NAmes,Y,Normal,11,2009
222000,21695,6,9,1988,1680,0,3,RL,IR1,Crawfor,Y,Normal,12,2009
194500,7314,7,5,2007,1232,0,2,RL,Reg,CollgCr,Y,Normal,2,2009
110000,11475,5,5,1958,1776,0,4,RL,Reg,NAmes,Y,Abnorml,7,2009
103000,6240,4,5,1925,848,0,2,RM,Reg,IDOTRR,Y,Normal,1,2009
236500,5389,8,5,1995,1616,0,2,RL,IR1,StoneBr,Y,Normal,3,2010
187500,9590,7,5,2003,1146,0,3,RL,IR1,Timber,Y,Normal,5,2007
222500,11404,7,5,1998,1153,878,3,RL,IR1,CollgCr,Y,Normal,7,2008
131400,10000,5,6,1961,1144,0,3,RL,Reg,Sawyer,Y,Normal,3,2009
108000,8978,5,5,1968,948,0,3,RL,IR1,Sawyer,Y,Family,5,2007
163000,10800,7,7,1914,880,888,2,RM,Reg,OldTown,N,Normal,10,2006
93500,8544,3,4,1950,1040,0,2,RL,Reg,NAmes,N,Normal,7,2006
239900,10463,8,5,2005,901,900,3,RL,IR1,Gilbert,Y,Normal,6,2006
179000,10800,5,5,1987,1200,0,3,RL,Reg,Edwards,Y,Alloca,3,2009
190000,9313,7,5,2004,864,864,3,RL,IR1,CollgCr,Y,Normal,4,2009
132000,9600,5,7,1910,768,664,2,RM,Reg,OldTown,Y,Abnorml,5,2007
142000,6768,6,8,1961,912,0,3,RL,IR1,Sawyer,Y,Normal,5,2008
179000,8450,7,5,2000,1349,0,3,RL,Reg,SawyerW,Y,Normal,12,2007
175000,12886,5,6,1963,1464,0,3,RL,IR1,Sawyer,Y,Normal,10,2009
180000,5395,8,5,1993,1337,0,2,RL,IR1,StoneBr,Y,Normal,10,2008
299800,8963,8,9,1976,1175,1540,4,RL,IR1,NWAmes,Y,Normal,7,2008
236000,8795,7,5,2000,980,1276,4,RL,IR1,Gilbert,Y,Normal,4,2009
265979,11700,7,7,1880,1320,1320,4,RM,IR1,OldTown,N,Normal,5,2009
260400,10593,7,5,1996,1720,0,3,RL,IR1,NoRidge,Y,Normal,3,2010
98000,8405,4,3,1945,1088,441,4,RL,Reg,Edwards,N,Normal,4,2009
96500,8800,4,7,1910,792,348,3,RM,Reg,OldTown,Y,Normal,6,2010
162000,7750,7,5,2003,660,660,3,RL,Reg,Gilbert,Y,Normal,8,2007
217000,9236,6,5,1997,1494,0,3,RL,IR1,CollgCr,Y,Normal,7,2006
275500,10240,8,5,2005,1038,1060,3,RL,Reg,NridgHt,Y,Normal,3,2006
156000,7930,6,8,1969,1026,0,3,RL,Reg,NAmes,Y,Normal,7,2009
172500,3230,6,5,1999,742,729,3,FV,Reg,Somerst,Y,Normal,3,2009
212000,10769,8,5,2007,866,902,3,RL,IR1,CollgCr,Y,Normal,4,2009
158900,11616,6,5,1978,672,714,3,RL,IR1,Sawyer,Y,Abnorml,4,2010
179400,2280,7,5,1999,757,744,3,FV,Reg,Somerst,Y,Normal,8,2008
290000,12257,8,5,1995,1328,1203,4,RL,IR1,NoRidge,Y,Normal,11,2007
127500,9100,6,6,1959,864,0,2,RL,Reg,NAmes,Y,Normal,10,2009
100000,6911,5,5,1924,1301,0,2,RM,Reg,BrkSide,Y,Normal,10,2009
215200,8640,7,5,2009,764,783,3,FV,Reg,Somerst,Y,Normal,6,2010
337000,9430,8,5,1999,1268,1097,3,RL,Reg,NoRidge,Y,Normal,7,2009
270000,9549,8,5,1995,1494,0,2,RL,IR1,Veenker,Y,Normal,4,2006
264132,14587,9,5,2008,1506,0,2,RL,IR1,Somerst,Y,Partial,8,2008
196500,10421,7,5,1988,980,734,3,RL,Reg,NWAmes,Y,Normal,3,2010
160000,12508,6,7,1940,983,767,4,RL,IR1,Mitchel,Y,Normal,7,2008
216837,9100,7,5,2004,1836,0,3,RL,Reg,CollgCr,Y,Normal,10,2006
538000,53504,8,5,2003,1690,1589,4,RL,IR2,StoneBr,Y,Normal,6,2010
134900,7252,5,5,1982,858,0,2,RL,IR1,Sawyer,Y,Normal,4,2009
102000,8877,4,5,1951,1220,0,2,RL,Reg,Edwards,Y,Normal,4,2006
107000,7819,6,5,1976,1117,0,3,RL,Reg,Edwards,Y,Abnorml,3,2010
114500,10150,5,5,1958,912,0,2,RL,Reg,NAmes,Y,Normal,7,2007
395000,14226,8,5,2006,1973,0,3,RL,Reg,NridgHt,Y,Partial,7,2007
162000,4500,6,5,1998,1204,0,2,RM,Reg,Mitchel,Y,Normal,6,2009
221500,11210,7,5,2005,1614,0,3,RL,IR1,CollgCr,Y,Partial,7,2006
142500,13350,5,5,1974,894,0,3,RL,IR1,Sawyer,Y,Normal,6,2006
144000,8400,5,5,1977,2020,0,4,RH,Reg,SawyerW,Y,Normal,10,2007
135000,10530,6,5,1977,1004,0,2,RL,Reg,Mitchel,Y,Normal,5,2006
176000,7875,7,5,1995,1253,0,3,RL,Reg,Gilbert,Y,Normal,6,2007
175900,7153,6,5,1992,810,793,3,RL,Reg,SawyerW,Y,Normal,7,2006
187100,16285,7,5,2001,1430,0,3,RL,IR2,CollgCr,Y,Normal,6,2009
165500,9101,5,6,1978,1110,0,1,RL,IR1,Mitchel,Y,Normal,7,2009
128000,6300,6,6,1914,742,742,3,RM,Reg,OldTown,Y,Normal,6,2008
161500,9790,6,5,1967,1342,0,3,RL,Reg,NWAmes,Y,Normal,9,2009
139000,10800,5,6,1915,966,686,4,RM,Reg,OldTown,Y,Normal,6,2010
233000,10142,7,5,2004,956,1128,4,RL,IR1,SawyerW,Y,Normal,1,2010
107900,6000,4,7,1954,901,0,2,RM,Reg,OldTown,Y,Normal,8,2008
187500,12205,6,8,1966,976,1111,5,RL,IR1,ClearCr,Y,Normal,7,2007
160200,3182,7,5,2005,1145,0,2,RL,Reg,Blmngtn,Y,Normal,9,2009
146800,11333,6,5,1976,1062,0,3,RL,IR1,Mitchel,Y,Normal,5,2007
269790,9920,7,5,1996,1127,886,3,RL,IR1,NoRidge,Y,Normal,6,2007
225000,9158,8,5,2007,1496,0,3,RL,Reg,Somerst,Y,Partial,6,2007
194500,10832,7,5,1994,1086,809,3,RL,IR1,Gilbert,Y,Normal,10,2008
171000,8400,6,6,1980,888,676,3,RL,Reg,SawyerW,Y,Normal,4,2010
143500,8197,6,5,1977,1285,0,3,RL,Reg,Sawyer,Y,Normal,4,2007
110000,7677,5,5,1953,773,0,2,RL,Reg,NAmes,Y,Abnorml,4,2008
485000,13518,9,5,2008,1966,1174,4,RL,Reg,NridgHt,Y,Partial,7,2009
175000,7200,5,7,1937,981,787,3,RL,Reg,SWISU,Y,Normal,6,2007
200000,12798,6,5,1997,616,1072,4,RL,IR1,ClearCr,Y,Normal,5,2008
109900,4800,4,7,1916,1196,0,2,RM,Reg,IDOTRR,Y,Normal,7,2007
189000,8199,7,5,2005,728,728,3,RL,Reg,CollgCr,Y,Normal,10,2008
582933,13891,9,5,2008,1734,1088,4,RL,Reg,NridgHt,Y,Partial,1,2009
118000,9000,5,5,1954,1128,0,2,RL,Reg,NAmes,Y,Family,6,2006
227680,12274,7,5,2008,1428,0,3,RL,IR1,Somerst,Y,Partial,7,2008
135500,9750,5,5,1967,980,0,3,RL,Reg,NAmes,Y,Normal,10,2006
223500,21384,5,6,1923,1072,504,3,RL,Reg,BrkSide,Y,Normal,5,2009
159950,13400,5,5,1966,1086,0,3,RL,Reg,NAmes,Y,Normal,6,2006
106000,8100,5,5,1898,1075,1063,2,RM,Reg,OldTown,N,Normal,11,2009
181000,10140,6,6,1974,1309,0,3,RL,Reg,NWAmes,Y,Normal,1,2006
144500,4438,6,5,2004,848,0,1,RM,Reg,CollgCr,Y,Normal,6,2008
55993,8712,5,5,1952,1044,0,2,C (all),Reg,IDOTRR,N,Alloca,6,2010
157900,9750,6,6,1958,1442,0,4,RL,Reg,NAmes,Y,Normal,4,2007
116000,8248,5,7,1918,686,564,3,RL,Reg,Edwards,Y,Normal,7,2006
224900,12137,7,5,1998,1661,0,3,RL,IR2,CollgCr,Y,Normal,5,2010
137000,11425,5,6,1954,1008,0,2,RL,IR1,NAmes,Y,Normal,7,2006
271000,13265,8,5,2002,1689,0,3,RL,IR1,Mitchel,Y,Normal,7,2008
155000,8816,6,7,1971,1052,0,3,RL,Reg,ClearCr,Y,Normal,6,2010
224000,6371,7,5,2009,1358,0,2,RL,IR1,NridgHt,Y,Partial,6,2010
183000,7226,7,5,2003,798,842,3,RL,IR1,CollgCr,Y,Normal,6,2008
93000,6000,4,4,1953,936,0,2,RM,Reg,OldTown,N,Normal,2,2009
225000,12394,7,5,2003,847,886,3,RL,IR1,Gilbert,Y,Family,10,2007
139500,9900,6,7,1940,944,545,3,RL,Reg,SWISU,Y,Normal,7,2009
232600,11216,8,5,2006,1489,0,3,FV,Reg,Somerst,Y,Partial,6,2006
385000,14803,10,5,2007,2084,0,2,RL,Reg,NridgHt,Y,Partial,6,2008
109500,6130,5,6,1924,784,0,2,RM,Reg,BrkSide,Y,Normal,5,2008
189000,8529,7,5,2001,1434,0,3,RL,IR1,SawyerW,Y,Normal,4,2009
185000,28698,5,5,1967,1160,966,3,RL,IR2,ClearCr,Y,Abnorml,6,2009
147400,2544,7,5,2005,520,623,2,FV,Reg,Somerst,Y,Normal,7,2006
166000,11900,6,5,1957,1392,0,3,RL,IR1,NAmes,Y,Normal,6,2008
151000,3180,7,5,2005,520,600,2,FV,Reg,Somerst,Y,Normal,6,2006
237000,9548,7,6,2003,941,888,3,RL,IR1,CollgCr,Y,Normal,1,2010
167000,10004,6,6,1964,1516,0,3,RL,Reg,NAmes,Y,Normal,2,2009
139950,7875,5,6,1961,1144,0,3,RL,Reg,NAmes,Y,Normal,9,2008
128000,9600,4,7,1950,1067,0,2,RL,Reg,Sawyer,Y,Normal,2,2010
153500,8100,5,6,1948,1559,0,2,RM,Reg,OldTown,Y,Normal,6,2007
100000,1680,6,5,1973,483,504,2,RM,Reg,BrDale,Y,Normal,11,2008
144000,9525,5,6,1995,1099,0,3,RL,Reg,CollgCr,Y,Normal,6,2008
130500,11767,5,6,1946,768,432,3,RL,Reg,Edwards,Y,Normal,5,2008
140000,12155,6,8,1925,810,672,4,RH,IR1,SWISU,N,Normal,3,2008
157500,10440,5,8,1904,958,581,3,RM,Reg,OldTown,Y,Normal,6,2008
174900,9020,6,7,1966,1165,0,3,RL,Reg,NAmes,Y,Normal,5,2008
141000,8000,5,4,1961,1800,0,6,RL,Reg,NAmes,N,Normal,7,2007
153900,12665,5,8,1915,876,540,4,RM,IR1,OldTown,Y,Normal,6,2008
171000,16647,5,5,1975,1701,0,3,RL,IR1,Sawyer,Y,Normal,1,2007
213000,9317,7,5,1993,1006,769,3,RL,Reg,SawyerW,Y,Normal,7,2009
133500,15523,5,6,1972,864,0,3,RL,IR1,CollgCr,Y,Normal,8,2009
240000,45600,6,8,1908,1307,1051,5,RL,IR2,ClearCr,Y,Normal,9,2008
187000,9600,6,7,1976,1094,761,3,RL,Reg,Veenker,Y,Normal,8,2007
131500,4435,6,5,2003,848,0,1,RM,Reg,CollgCr,Y,Normal,11,2007
215000,3196,8,5,2003,1456,0,2,RL,Reg,Blmngtn,Y,Normal,5,2006
164000,7128,7,5,1941,918,728,4,RL,Reg,Crawfor,Y,Normal,8,2007
158000,12095,6,6,1964,1445,0,3,RL,IR1,NAmes,Y,Normal,8,2009
170000,17920,5,4,1955,1779,0,3,RL,Reg,Sawyer,Y,Abnorml,7,2006
127000,6897,5,8,1962,1040,0,3,RL,IR1,Sawyer,Y,Normal,4,2010
147000,10970,6,6,1978,1026,0,3,RL,IR1,CollgCr,Y,Normal,10,2008
174000,8125,6,5,1994,702,779,3,RL,Reg,Gilbert,Y,Normal,3,2009
152000,10400,7,5,1976,1370,0,3,RL,Reg,NWAmes,Y,Family,6,2009
250000,11029,6,7,1968,1512,1142,4,RL,IR1,NWAmes,Y,Normal,8,2006
189950,7642,7,8,1918,912,514,3,RL,Reg,Crawfor,Y,Normal,6,2007
131500,11625,5,4,1965,1039,0,3,RL,Reg,Sawyer,Y,Normal,4,2010
152000,9672,6,5,1984,1097,0,3,RL,Reg,SawyerW,Y,Normal,5,2010
132500,7931,5,5,1959,1148,0,3,RL,Reg,NAmes,Y,Normal,7,2009
250580,8640,7,5,2007,1372,0,3,FV,Reg,Somerst,Y,Partial,5,2008
148500,8750,5,6,1970,1002,0,3,RL,IR1,NAmes,Y,Normal,8,2009
248900,10656,8,5,2006,1646,0,3,RL,IR1,Timber,Y,Partial,11,2007
129000,6970,4,5,1961,1120,0,3,RL,Reg,Sawyer,Y,Normal,5,2007
169000,14762,5,6,1948,1547,720,2,RL,IR2,Gilbert,Y,Normal,5,2006
236000,9938,7,5,1993,1062,887,3,RL,Reg,SawyerW,Y,Normal,6,2010
109500,6600,5,5,1962,894,0,2,RL,Reg,NAmes,N,Normal,8,2009
200500,8750,6,5,1998,804,878,3,RL,Reg,CollgCr,Y,Normal,6,2010
116000,8892,5,7,1953,910,0,3,RL,Reg,NAmes,Y,Normal,10,2008
133000,12144,5,7,1949,1036,0,3,RL,Reg,NAmes,Y,Normal,9,2009
66500,5720,5,6,1941,676,455,3,RM,Reg,OldTown,Y,Abnorml,8,2009
303477,9000,8,5,2007,1184,1426,4,FV,Reg,Somerst,Y,Partial,8,2007
132250,25286,4,5,1963,1040,0,3,RL,Reg,Mitchel,Y,Normal,1,2007
350000,8834,9,5,2004,1462,762,4,RL,Reg,NridgHt,Y,Normal,6,2009
148000,11782,5,7,1961,1155,0,3,RL,IR1,Sawyer,Y,Normal,6,2010
136500,7000,5,8,1978,864,0,3,RL,IR1,CollgCr,Y,Normal,7,2009
157000,7024,5,5,2005,1090,0,2,RL,Reg,Edwards,Y,Normal,6,2007
187500,13758,7,5,1990,1187,530,3,RL,IR1,Timber,Y,Normal,4,2007
178000,9636,6,5,1992,808,785,3,RL,IR1,Gilbert,Y,Normal,12,2009
118500,6204,4,5,1912,954,795,5,RL,Reg,SWISU,N,Normal,3,2006
100000,7150,5,5,1967,892,0,3,RL,Reg,NAmes,Y,Normal,7,2009
328900,5119,9,5,1999,1709,0,2,FV,IR1,Somerst,Y,Abnorml,1,2008
145000,8393,5,5,1959,1712,0,4,RL,Reg,NAmes,Y,Family,6,2006
135500,16466,5,7,1955,872,521,3,RL,IR1,Edwards,Y,Normal,4,2008
268000,15865,8,6,1970,2217,0,4,RL,IR1,NAmes,Y,Normal,10,2007
149500,12160,6,4,1953,1505,0,2,RL,Reg,NAmes,Y,Normal,2,2009
122900,8064,5,7,1949,672,252,3,RL,Reg,NAmes,Y,Normal,7,2007
172500,11184,6,5,1978,918,765,3,RL,Reg,Sawyer,Y,Normal,7,2009
154500,8414,6,8,1963,1068,0,3,RL,Reg,Sawyer,Y,Normal,2,2006
165000,13284,5,5,1954,1383,0,3,RL,Reg,Sawyer,Y,Normal,6,2008
118858,7018,5,5,1979,1535,0,4,RL,Reg,SawyerW,Y,Alloca,6,2009
140000,7056,6,5,1963,983,813,4,RL,Reg,NAmes,Y,Normal,10,2008
106500,8765,4,6,1936,951,0,2,RM,Reg,IDOTRR,N,Abnorml,4,2006
142953,7018,5,5,1979,1120,1120,6,RL,Reg,SawyerW,Y,Alloca,6,2009
611657,12919,9,5,2009,2364,0,2,RL,IR1,NridgHt,Y,Partial,3,2010
135000,6993,5,7,1961,1236,0,3,RL,Reg,Sawyer,Y,Normal,6,2006
110000,7340,4,6,1971,858,0,2,RL,IR1,NAmes,Y,Normal,6,2007
153000,8712,5,7,1957,1306,0,2,RL,IR1,NAmes,Y,Normal,5,2009
180000,7875,7,5,2003,807,702,3,RL,Reg,Gilbert,Y,Normal,7,2006
240000,14859,7,5,2006,1670,0,3,RL,IR1,Gilbert,Y,Partial,8,2006
125500,6173,5,6,1967,902,0,3,RL,IR1,Sawyer,Y,Normal,8,2007
128000,9920,5,5,1954,1063,0,3,RL,Reg,NAmes,Y,Normal,2,2010
255000,13501,8,5,2006,1636,0,3,RL,IR1,Somerst,Y,Normal,6,2007
250000,11500,7,7,1936,1020,1037,3,RL,IR1,Crawfor,Y,Normal,6,2006
131000,8885,5,5,1983,902,0,2,RL,IR1,Mitchel,Y,Normal,6,2006
174000,12589,6,5,2005,742,742,3,RL,IR2,Gilbert,Y,Normal,6,2009
154300,11600,5,5,1960,1105,1169,5,RL,Reg,NAmes,Y,Normal,1,2010
143500,9286,5,7,1977,1268,0,3,RL,IR1,CollgCr,Y,Normal,10,2009
88000,6120,5,7,1925,1015,0,3,RM,Reg,BrkSide,N,Abnorml,7,2006
145000,6270,5,6,1949,1001,1001,4,RH,Reg,Crawfor,N,Normal,8,2007
173733,3000,6,5,2009,612,612,2,FV,Reg,Somerst,Y,Partial,6,2009
75000,2001,4,5,1970,546,546,3,RM,Reg,MeadowV,Y,Normal,1,2007
35311,9000,2,3,1949,480,0,1,C (all),Reg,IDOTRR,N,Abnorml,10,2006
135000,17140,4,6,1956,1229,0,3,RL,Reg,Edwards,Y,Normal,4,2009
238000,13125,7,5,1991,912,1215,4,RL,IR1,SawyerW,Y,Normal,11,2007
176500,11029,6,8,1958,1414,0,3,RL,IR1,NAmes,Y,Normal,5,2008
201000,8462,6,5,1994,936,785,3,RL,IR1,SawyerW,Y,Normal,7,2007
145900,8777,5,7,1900,1272,928,4,RL,Reg,Edwards,Y,Normal,9,2008
169990,10237,6,5,2005,1316,0,3,RL,Reg,Gilbert,Y,Partial,10,2006
193000,8012,6,5,1993,1617,0,2,RL,Reg,SawyerW,Y,Normal,7,2008
207500,10240,6,6,1980,1686,0,3,RL,Reg,NWAmes,Y,Normal,5,2006
175000,15611,5,6,1977,1126,0,3,RL,IR1,NWAmes,Y,Abnorml,3,2008
285000,11999,8,5,2003,1234,1140,4,RL,Reg,NridgHt,Y,Normal,5,2007
176000,9900,7,5,1968,1098,880,4,RL,Reg,NWAmes,Y,Normal,4,2008
236500,11838,8,5,2001,1788,0,3,RL,Reg,CollgCr,Y,Normal,6,2009
222000,13006,7,5,1997,993,1243,4,RL,IR1,Gilbert,Y,Normal,11,2006
201000,8925,8,5,2007,1466,0,3,RL,IR1,Timber,Y,Normal,7,2009
117500,9100,5,6,1965,925,0,2,RL,Reg,NAmes,Y,Normal,7,2009
320000,11670,9,5,2006,1905,0,3,RL,IR1,Somerst,Y,Normal,3,2007
190000,8487,7,5,2004,1500,0,3,RL,Reg,CollgCr,Y,Normal,8,2009
242000,27650,7,7,1960,2069,0,4,RL,IR2,NAmes,Y,Normal,11,2008
79900,5825,4,5,1926,747,0,1,RL,IR1,BrkSide,Y,Normal,6,2006
184900,10083,7,5,2003,1200,0,2,RL,Reg,SawyerW,Y,Normal,8,2009
253000,9675,7,5,2005,1113,858,3,RL,Reg,Somerst,Y,Normal,2,2009
239799,8760,7,5,2006,1391,571,3,RL,Reg,CollgCr,Y,Partial,8,2006
244400,24090,7,7,1940,1207,1196,4,RL,Reg,ClearCr,Y,Normal,6,2010
150900,12640,6,5,1976,1728,0,4,RL,IR1,Mitchel,Y,Normal,7,2006
214000,8755,7,5,1999,1022,1038,3,RL,IR1,Gilbert,Y,Normal,6,2009
150000,7711,4,3,1977,1440,0,4,RL,IR1,Edwards,Y,Abnorml,8,2007
143000,25000,5,4,1967,1632,0,4,RL,Reg,Mitchel,Y,Normal,6,2007
137500,14375,6,6,1958,1344,0,3,RL,IR1,Timber,Y,Abnorml,1,2009
124900,8820,5,6,1890,1188,561,2,RM,Reg,OldTown,Y,Normal,9,2009
143000,8163,5,6,1959,1144,0,3,RL,Reg,NAmes,Y,Normal,3,2006
270000,14536,8,5,2002,1629,0,3,RL,Reg,Timber,Y,Normal,11,2007
192500,14006,7,5,2002,936,840,3,RL,IR1,CollgCr,Y,Normal,2,2006
197500,9360,6,7,1972,1381,0,3,RL,Reg,NWAmes,Y,Normal,3,2010
129000,7200,5,8,1950,864,0,3,RL,Reg,NAmes,Y,Normal,7,2007
119900,7800,5,5,1965,965,0,3,RH,Reg,SawyerW,Y,Abnorml,7,2006
133900,7200,5,8,1972,768,0,2,RL,Reg,CollgCr,Y,Normal,4,2009
172000,11075,5,4,1969,1168,800,4,RL,IR1,Mitchel,Y,Normal,9,2008
127500,9400,6,5,1975,980,0,4,RL,IR1,Edwards,Y,AdjLand,10,2006
145000,7136,6,6,1946,979,979,4,RH,IR1,Crawfor,N,Normal,8,2007
124000,1300,6,6,1980,561,668,2,RM,Reg,Blueste,Y,Normal,5,2009
132000,7420,5,5,1962,1057,0,3,RL,Reg,Sawyer,Y,Normal,4,2007
185000,8450,7,5,2003,1337,0,3,RL,Reg,CollgCr,Y,Normal,10,2007
155000,2572,7,5,1999,696,720,3,FV,Reg,Somerst,Y,Normal,5,2010
116500,7207,5,7,1958,858,0,2,RL,IR1,BrkSide,Y,Normal,2,2010
272000,12227,6,7,1977,1542,1330,4,RL,IR1,NWAmes,Y,Normal,7,2008
155000,2308,6,6,1976,804,744,3,RL,Reg,NPkVill,Y,Normal,7,2007
239000,11923,9,5,2007,1800,0,2,RL,IR1,CollgCr,Y,Normal,5,2009
214900,11316,7,5,2002,824,1070,4,RL,Reg,Timber,Y,Normal,2,2010
178900,10237,6,5,2005,783,701,3,RL,Reg,Gilbert,Y,Partial,7,2007
160000,9600,5,7,1940,976,332,2,RL,IR1,Crawfor,Y,Normal,6,2009
135000,7390,5,7,1955,1098,0,3,RL,IR1,NAmes,Y,Normal,7,2008
37900,5925,3,6,1910,600,368,2,RM,Reg,OldTown,N,Abnorml,5,2009
140000,10382,6,5,1958,1095,0,2,RL,Reg,NAmes,Y,Normal,3,2006
135000,10800,4,4,1949,720,472,4,RL,Reg,NAmes,N,Abnorml,12,2006
173000,2268,7,5,2003,764,862,2,RL,Reg,NridgHt,Y,Normal,7,2009
99500,7892,6,5,1979,918,0,2,RL,Reg,SawyerW,Y,Normal,4,2010
182000,11639,7,5,2007,1428,0,3,FV,Reg,Somerst,Y,Partial,12,2008
167500,11414,7,8,1910,1136,883,3,RL,IR1,BrkSide,N,Normal,10,2009
165000,2651,7,5,2000,673,709,3,FV,Reg,Somerst,Y,Normal,4,2006
85500,5900,4,7,1923,869,0,2,RL,IR1,BrkSide,Y,Normal,8,2006
199900,4274,7,5,2006,1241,0,1,FV,IR1,Somerst,Y,Partial,11,2007
110000,9450,4,5,1954,894,0,3,RL,Reg,Edwards,Y,Abnorml,5,2007
139000,8816,5,6,1963,1121,0,3,RL,Reg,Sawyer,Y,Normal,6,2009
178400,12122,7,9,1961,999,0,3,RL,IR1,NAmes,Y,Normal,7,2008
336000,12203,8,5,1998,1276,1336,4,RL,IR1,NoRidge,Y,Normal,7,2009
159895,3182,7,5,2007,1266,0,2,RL,Reg,Blmngtn,Y,Normal,3,2008
255900,11250,8,5,2002,1149,1141,4,RL,Reg,CollgCr,Y,Normal,5,2008
126000,10125,5,5,1977,1302,432,4,RL,Reg,Mitchel,Y,Normal,8,2009
125000,10880,5,5,1950,1164,0,3,RL,Reg,Edwards,N,Normal,8,2008
117000,5310,6,8,1910,1001,634,2,RM,Reg,OldTown,Y,Normal,6,2006
395192,10159,9,5,2009,1940,0,3,RL,IR1,NridgHt,Y,Partial,4,2010
195000,12046,6,6,1976,1118,912,4,RL,IR1,NWAmes,Y,Normal,6,2007
197000,8125,7,5,2006,778,798,3,FV,Reg,Somerst,Y,Partial,8,2006
348000,9452,8,5,1997,1407,985,3,RL,Reg,NoRidge,Y,Normal,6,2006
168000,17671,8,9,1882,916,826,4,RM,Reg,OldTown,Y,Normal,11,2009
187000,9760,6,8,1964,1020,831,3,RL,Reg,NAmes,Y,Normal,7,2007
173900,8846,6,5,2005,750,750,3,RL,Reg,CollgCr,Y,Partial,8,2006
337500,12456,10,5,2006,1718,0,3,RL,Reg,NridgHt,Y,Normal,7,2009
121600,4712,4,7,1946,774,456,3,RL,IR1,BrkSide,Y,Abnorml,8,2006
136500,10659,5,6,1961,1050,0,3,RL,IR1,NAmes,Y,Normal,1,2006
185000,11717,6,6,1970,1442,0,2,RL,IR1,NWAmes,Y,Normal,2,2009
91000,9786,3,4,1922,1077,0,3,RM,Reg,IDOTRR,N,Normal,5,2006
206000,6762,7,5,2006,1208,0,2,RL,Reg,CollgCr,Y,Normal,2,2010
82000,10206,3,3,1952,944,0,2,RL,Reg,Edwards,N,Normal,7,2009
86000,5400,5,6,1920,691,0,2,RL,Reg,OldTown,Y,Abnorml,1,2007
232000,11957,8,5,2006,1574,0,3,RL,IR1,Somerst,Y,Normal,7,2008
136905,11500,5,6,1976,1680,0,4,RL,IR1,NWAmes,Y,Normal,6,2007
181000,3182,7,5,2005,1504,0,1,RL,Reg,Blmngtn,Y,Normal,5,2009
149900,8385,5,8,1977,985,0,3,RL,Reg,CollgCr,Y,Normal,11,2008
163500,12155,6,3,1970,1657,0,3,RL,IR3,NAmes,Y,Normal,3,2007
88000,2217,4,4,1970,546,546,3,RM,Reg,MeadowV,Y,Normal,8,2009
240000,12118,7,5,2004,1710,0,3,RL,IR1,Mitchel,Y,Normal,4,2009
102000,6000,5,5,1926,1008,0,4,RL,Reg,SWISU,Y,Normal,6,2006
135000,21286,5,5,1948,720,551,4,RL,Reg,Sawyer,Y,Normal,8,2008
100000,9825,5,5,1965,1664,0,4,RL,Reg,Edwards,N,Normal,5,2010
165000,10592,6,7,1923,900,602,3,RL,Reg,Crawfor,Y,Normal,8,2007
85000,7200,5,4,1910,1022,0,2,RM,Reg,OldTown,N,Normal,6,2009
119200,11664,6,5,1948,1082,0,2,RL,Reg,NAmes,Y,Normal,11,2007
227000,8400,8,6,2001,810,855,3,RL,Reg,NWAmes,Y,Normal,11,2009
203000,11883,7,5,1996,1504,0,3,RL,Reg,CollgCr,Y,Normal,6,2009
187500,5814,8,5,1984,1360,0,1,RL,IR1,StoneBr,Y,Abnorml,8,2009
160000,10784,7,5,1991,802,670,3,RL,IR1,Gilbert,Y,Normal,5,2007
213490,3013,7,5,2005,1506,0,2,RL,Reg,Blmngtn,Y,Normal,4,2006
176000,7024,4,5,2005,1132,0,2,RL,Reg,Edwards,Y,Normal,6,2008
194000,7406,7,5,2006,1220,0,2,RL,Reg,CollgCr,Y,Partial,7,2006
87000,9439,5,5,1930,912,336,2,RM,Reg,OldTown,Y,Normal,3,2007
191000,3182,7,5,2005,1504,0,2,RL,Reg,Blmngtn,Y,Normal,5,2008
287000,15498,8,6,1976,2898,0,2,RL,IR1,Timber,Y,Abnorml,5,2008
112500,7700,5,5,1972,882,0,3,RL,Reg,CollgCr,Y,Normal,3,2007
167500,9300,5,5,1960,1264,0,3,RL,Reg,NAmes,Y,Normal,4,2010
293077,9520,8,5,2007,1646,0,3,RL,IR1,Timber,Y,Partial,4,2008
105000,9492,5,5,1941,968,408,3,RL,Reg,NAmes,Y,Normal,4,2007
118000,1680,6,7,1972,672,546,3,RM,Reg,BrDale,Y,Normal,5,2006
160000,7082,5,8,1916,948,980,5,RH,Reg,SWISU,Y,Normal,7,2006
197000,15863,7,3,1920,1687,998,5,RL,Reg,SWISU,Y,Normal,8,2009
310000,14541,8,7,1993,1352,1168,5,RL,IR1,NoRidge,Y,Abnorml,11,2006
230000,8125,7,5,2002,1654,0,3,RL,Reg,CollgCr,Y,Normal,2,2006
119750,6305,5,7,1938,954,0,2,RL,Reg,Crawfor,Y,Normal,6,2007
84000,11500,4,3,1957,845,0,3,RL,IR1,Edwards,N,Normal,1,2009
315500,12898,9,5,2007,1620,0,2,RL,IR1,Timber,Y,Normal,9,2009
287000,9240,8,5,2001,1055,1208,3,RL,Reg,CollgCr,Y,Normal,9,2008
97000,1533,4,6,1970,798,546,3,RM,Reg,MeadowV,Y,Normal,5,2009
80000,1477,4,4,1970,630,0,1,RM,Reg,MeadowV,Y,Normal,4,2009
155000,13125,5,4,1957,1803,0,3,RL,Reg,Sawyer,Y,Normal,1,2006
173000,9130,6,8,1966,800,832,4,RL,Reg,NWAmes,Y,Normal,7,2008
196000,5381,6,5,2005,1306,0,1,RL,IR1,NridgHt,Y,Normal,8,2009
262280,11839,7,5,1990,1532,797,4,RL,Reg,SawyerW,Y,Normal,5,2008
278000,9600,8,5,1981,2524,0,4,RL,Reg,NWAmes,Y,Normal,7,2009
139600,13680,3,5,1955,1733,0,4,RL,IR1,Edwards,Y,Normal,6,2009
556581,16056,9,5,2005,1992,876,4,RL,IR1,StoneBr,Y,Partial,7,2006
145000,9245,5,5,1994,990,0,3,RL,IR2,CollgCr,Y,Normal,2,2008
115000,21750,5,4,1960,1771,0,3,RL,Reg,Mitchel,Y,Normal,11,2009
84900,11100,4,7,1946,930,0,2,RL,Reg,Edwards,Y,Abnorml,4,2010
176485,8993,7,5,2007,1302,0,3,RL,IR1,Gilbert,Y,Partial,8,2007
200141,11175,7,5,2007,1316,0,3,RL,IR1,CollgCr,Y,Partial,10,2007
165000,9500,6,6,1964,1127,850,4,RL,Reg,NAmes,Y,Normal,6,2007
144500,8562,5,6,1957,1526,0,4,RL,Reg,Edwards,Y,Normal,5,2010
255000,11367,8,5,2002,1091,898,3,RL,Reg,CollgCr,Y,Normal,11,2006
180000,11361,6,5,1976,1523,0,3,RL,Reg,NWAmes,Y,Abnorml,5,2008
185850,7052,7,5,2005,1364,0,2,RL,IR1,NridgHt,Y,Normal,6,2006
248000,29959,7,6,1994,979,871,3,RL,IR2,NoRidge,Y,Normal,1,2009
335000,11308,9,5,2008,1130,1054,3,RL,IR1,NridgHt,Y,Normal,7,2009
220000,11275,6,7,1932,1096,895,3,RL,IR1,Crawfor,Y,Normal,3,2007
213500,4920,8,5,2001,1338,0,2,RL,Reg,StoneBr,Y,Normal,4,2010
81000,18000,3,4,1935,894,0,2,C (all),Reg,IDOTRR,Y,Normal,8,2008
90000,13600,5,5,1900,1422,915,5,RM,Reg,OldTown,N,Normal,9,2007
110500,6000,6,6,1925,1103,0,2,RM,Reg,OldTown,Y,Normal,7,2006
154000,11000,5,6,1966,1154,0,3,RL,IR1,NAmes,Y,Normal,11,2009
328000,14000,7,5,1996,1306,954,3,RL,Reg,ClearCr,Y,Normal,4,2010
178000,7837,6,7,1993,799,772,3,RL,IR1,Gilbert,Y,Normal,5,2009
167900,9760,6,6,1964,798,813,4,RL,Reg,NAmes,Y,Normal,6,2008
151400,3964,6,4,1973,1291,1230,5,RM,Reg,MeadowV,Y,Normal,6,2006
135000,9600,5,7,1949,893,0,2,RL,Reg,NAmes,Y,Normal,5,2007
135000,10152,5,5,1956,1048,0,3,RL,Reg,NAmes,Y,Normal,6,2007
154000,11700,6,6,1968,829,727,4,RL,Reg,NWAmes,Y,Normal,5,2009
91500,7585,5,3,1948,1002,454,4,RL,Reg,Edwards,Y,Normal,8,2006
159500,7950,6,6,1977,698,728,3,RL,IR1,Edwards,Y,Normal,7,2009
194000,8556,7,5,2006,1240,0,2,RL,Reg,CollgCr,Y,Normal,5,2007
219500,13125,7,6,1940,960,780,3,RL,Reg,Crawfor,Y,Normal,7,2007
170000,10800,5,8,1936,1096,370,3,RL,Reg,OldTown,Y,Normal,4,2006
138800,15870,5,5,1969,1096,0,3,RL,IR1,NAmes,Y,Abnorml,3,2006
155900,4435,6,5,2004,848,0,1,RM,Reg,CollgCr,Y,Normal,5,2006
126000,8775,5,5,1994,990,0,3,RL,Reg,CollgCr,Y,Normal,4,2007
145000,11040,6,7,1971,1258,0,3,RL,Reg,NWAmes,Y,Abnorml,10,2008
133000,7500,5,5,1963,1040,0,3,RL,Reg,Sawyer,Y,Normal,6,2010
192000,8749,7,5,2002,1459,0,3,RL,Reg,CollgCr,Y,Normal,9,2007
160000,8800,6,6,1964,1251,0,3,RL,Reg,NAmes,Y,Normal,3,2006
187500,13031,6,5,1995,691,807,3,RL,IR2,Gilbert,Y,Normal,7,2006
147000,9069,6,6,1992,996,0,2,RL,Reg,SawyerW,Y,Normal,4,2010
83500,1974,4,5,1973,546,546,3,RM,Reg,MeadowV,Y,Normal,5,2010
252000,10574,8,5,2005,1082,871,3,FV,Reg,Somerst,Y,Normal,5,2009
137500,2522,7,5,2004,970,739,3,RM,Reg,Edwards,Y,Normal,4,2006
197000,3316,8,5,2005,1247,0,1,FV,IR1,Somerst,Y,Normal,4,2006
92900,8544,3,4,1950,1040,0,2,RL,Reg,NAmes,N,Normal,6,2009
160000,2160,7,5,1999,624,628,2,FV,Reg,Somerst,Y,Normal,3,2008
136500,8400,6,5,1925,1390,304,4,RL,Reg,SWISU,Y,Normal,6,2008
146000,9230,5,8,1965,1200,0,1,RL,Reg,NAmes,Y,Normal,10,2006
129000,5868,5,7,1956,936,0,2,RL,Reg,NAmes,Y,Normal,5,2010
176432,9317,6,5,2006,1314,0,3,RL,IR1,CollgCr,Y,Normal,3,2007
127000,6882,6,7,1914,773,582,3,RM,Reg,IDOTRR,Y,Normal,3,2007
170000,3696,8,5,1986,1088,0,2,RL,Reg,StoneBr,Y,Normal,10,2007
128000,6000,4,6,1936,757,567,3,RM,Reg,BrkSide,Y,Normal,7,2009
157000,11880,7,5,1978,1601,0,3,RL,IR1,NWAmes,Y,Abnorml,4,2009
60000,8400,2,5,1920,438,0,1,RL,Reg,SWISU,N,Normal,1,2009
119500,9758,5,5,1971,950,0,3,RL,IR1,NAmes,Y,Normal,7,2007
135000,7000,5,7,1960,1134,0,2,RL,Reg,NAmes,Y,Family,4,2007
159500,8910,6,6,1959,1194,0,3,RL,Reg,NAmes,Y,Normal,7,2006
106000,2016,5,5,1970,630,672,3,RM,Reg,BrDale,Y,Normal,4,2007
325000,12256,8,5,1994,1500,1122,3,RL,IR1,NoRidge,Y,Normal,4,2010
179900,10357,7,5,1990,1442,0,3,RL,IR1,SawyerW,Y,Normal,5,2007
274725,23257,7,5,2006,887,1134,3,RL,IR3,Gilbert,Y,Partial,9,2006
181000,8063,6,5,2000,948,742,3,RL,Reg,Gilbert,Y,Abnorml,11,2007
280000,11362,8,5,2004,1836,0,3,RL,IR1,NridgHt,Y,Normal,3,2009
188000,8000,6,5,1995,773,885,3,RL,Reg,Gilbert,Y,Normal,6,2008
205000,10480,7,6,1976,1098,866,4,RL,Reg,NWAmes,Y,Normal,9,2008
129900,7100,5,7,1957,816,0,2,RL,IR1,NAmes,Y,Normal,7,2006
134500,8923,5,7,1953,1008,0,2,RL,Reg,NAmes,Y,Normal,5,2007
117000,5400,5,7,1954,833,0,2,RL,Reg,OldTown,Y,Normal,8,2006
318000,12085,8,5,2007,1734,0,3,RL,Reg,NridgHt,Y,Partial,11,2007
184100,7750,8,5,2002,779,640,3,RL,Reg,Gilbert,Y,Normal,3,2009
130000,9764,5,7,1967,894,0,3,RL,IR1,Sawyer,Y,Normal,5,2008
140000,13825,5,6,1958,1021,580,3,RL,Reg,Sawyer,Y,Normal,12,2008
133700,7560,5,5,1959,1040,0,3,RL,Reg,NAmes,Y,Normal,7,2006
118400,8263,6,5,1920,1012,0,2,RM,Reg,IDOTRR,Y,Normal,5,2007
212900,10084,7,5,2005,1552,0,3,RL,Reg,CollgCr,Y,Partial,7,2006
112000,8926,4,3,1956,960,0,3,RL,IR1,Edwards,Y,Abnorml,10,2009
118000,9405,5,9,1947,698,0,2,RL,Reg,Edwards,Y,Normal,6,2009
163900,9125,7,5,1992,812,670,3,RL,IR1,Gilbert,Y,Normal,7,2007
115000,10434,4,5,1955,1005,0,2,RL,Reg,NAmes,Y,Normal,11,2009
174000,3684,7,5,2007,1555,0,2,RL,Reg,Blmngtn,Y,Normal,6,2009
259000,14572,7,5,2004,1530,0,3,RL,IR3,Gilbert,Y,Family,11,2007
215000,11796,7,5,2004,847,1112,4,RL,IR1,Gilbert,Y,Normal,7,2007
140000,7200,5,5,1980,936,0,2,RM,Reg,OldTown,Y,Normal,8,2007
135000,7804,4,3,1928,1328,653,4,RL,Reg,SWISU,Y,Normal,12,2009
93500,10712,5,5,1991,974,0,3,RL,Reg,Mitchel,Y,Abnorml,9,2007
117500,9900,6,4,1880,1178,1032,5,RM,Reg,OldTown,Y,Normal,5,2007
239500,9828,8,5,1995,1142,878,3,RL,IR1,SawyerW,Y,Normal,6,2009
169000,8773,6,5,1997,916,684,3,RL,IR1,Gilbert,Y,Normal,8,2007
102000,6180,6,5,1926,986,0,2,RM,Reg,BrkSide,N,Normal,5,2007
119000,9600,6,5,1950,1032,220,3,RL,Reg,NAmes,Y,Abnorml,4,2008
94000,6342,5,8,1875,780,240,2,RL,Reg,Sawyer,N,Normal,5,2010
196000,9819,6,5,1977,1567,0,2,RL,IR1,Mitchel,Y,Normal,5,2009
144000,8731,5,5,1920,1167,0,3,RL,IR1,BrkSide,Y,Normal,5,2007
139000,7350,5,7,1951,952,0,2,RL,Reg,NAmes,Y,Abnorml,6,2008
197500,10304,5,7,1976,1088,780,4,RL,IR1,NWAmes,Y,Normal,10,2009
424870,9965,8,5,2006,1466,1362,4,RL,Reg,CollgCr,Y,Partial,4,2007
80000,9000,5,3,1959,1006,0,3,RL,Reg,Sawyer,Y,Normal,7,2008
80000,12180,4,4,1941,672,252,2,RL,Reg,Edwards,N,Normal,7,2010
149000,6240,5,6,1928,1042,534,3,RM,Reg,BrkSide,Y,Family,8,2006
180000,11200,6,5,1985,1298,0,3,RL,Reg,SawyerW,Y,Normal,5,2006
174500,12000,7,7,1941,860,704,3,RL,Reg,Crawfor,Y,Normal,7,2009
116900,5700,7,7,1926,572,539,2,RM,Reg,OldTown,Y,Normal,8,2008
143000,9000,7,9,1920,832,650,3,RM,Reg,OldTown,Y,Normal,7,2009
124000,8280,6,5,1950,932,0,2,RL,IR1,NAmes,Y,Normal,11,2007
149900,17755,5,4,1959,1466,0,3,RL,Reg,Edwards,Y,Normal,11,2006
230000,14115,6,7,1956,1811,0,2,RL,IR1,Crawfor,Y,Abnorml,7,2006
120500,5890,6,8,1930,816,0,2,RM,Reg,IDOTRR,Y,Normal,6,2008
201800,13700,7,6,1965,902,918,4,RL,IR1,NAmes,Y,Normal,5,2008
218000,10768,5,8,1976,1437,0,3,RL,IR1,Veenker,Y,Normal,7,2007
179900,9350,5,8,1965,1265,0,3,RL,Reg,NAmes,Y,Normal,10,2008
230000,5001,7,5,2007,1314,0,2,RL,IR1,NridgHt,Y,Normal,7,2009
235128,11932,8,5,2007,1580,0,3,RL,Reg,Somerst,Y,Partial,6,2008
185000,9120,6,6,1974,943,933,4,RL,Reg,NWAmes,Y,Normal,7,2008
146000,2280,6,5,1978,855,601,3,RL,Reg,NPkVill,Y,Normal,7,2010
224000,14778,6,7,1954,1640,0,3,RL,IR1,Crawfor,Y,Normal,11,2008
129000,8724,5,5,1968,894,0,3,RL,Reg,Sawyer,Y,Normal,5,2007
108959,12900,4,4,1969,1258,0,0,RL,Reg,Sawyer,Y,Alloca,1,2008
194000,16157,5,7,1978,1432,0,2,RL,IR1,Veenker,Y,Normal,6,2007
233170,9541,7,5,2009,1502,0,3,RL,IR1,NridgHt,Y,Partial,9,2009
245350,10475,8,5,2008,1694,0,3,RL,IR1,CollgCr,Y,Normal,2,2010
173000,10852,6,5,2000,959,712,3,RL,IR1,Gilbert,Y,Normal,2,2006
235000,13728,6,7,1935,1236,872,4,RL,Reg,Edwards,Y,Normal,7,2008
625000,35760,10,5,1995,1831,1796,4,RL,IR1,NoRidge,Y,Normal,7,2006
171000,9880,6,6,1977,1118,0,3,RL,Reg,Mitchel,Y,Normal,7,2008
163000,9120,6,6,1958,1261,0,3,RL,Reg,NAmes,Y,Normal,11,2008
171900,4017,7,5,2006,625,625,2,FV,IR1,Somerst,Y,Normal,3,2008
200500,18030,5,6,1946,1636,971,3,RL,IR1,ClearCr,Y,Normal,3,2007
239000,16560,6,8,1932,1170,1175,4,RL,IR1,Crawfor,Y,Normal,7,2006
285000,10678,8,5,1992,2129,743,4,RL,Reg,NoRidge,Y,Normal,4,2007
119500,6951,5,5,1984,923,0,3,RL,IR1,Mitchel,Y,Normal,10,2008
115000,3950,6,8,1926,818,406,3,RM,Reg,OldTown,Y,Normal,12,2009
154900,7681,5,6,1921,820,523,3,RL,IR1,Crawfor,Y,Normal,7,2009
93000,8335,5,5,1954,1124,0,3,RL,Reg,Edwards,Y,Normal,4,2006
250000,11170,7,5,1990,1298,1216,4,RL,IR2,Timber,Y,Normal,4,2006
392500,5587,8,5,2008,1652,0,2,RM,IR1,Crawfor,Y,Partial,11,2008
745000,15623,10,5,1996,2411,2065,4,RL,IR1,NoRidge,Y,Abnorml,7,2007
120000,10800,5,6,1920,1130,0,2,RL,Reg,OldTown,Y,Normal,6,2006
186700,35133,5,4,1963,1572,0,3,RL,Reg,Timber,Y,Normal,5,2007
104900,9738,5,7,1924,949,272,4,RL,Reg,Edwards,Y,Normal,3,2006
95000,10615,3,5,1900,1014,685,3,RL,IR1,OldTown,Y,Abnorml,8,2009
262000,12461,8,5,1994,1624,0,2,RL,Reg,NoRidge,Y,Normal,7,2006
195000,8935,7,5,2002,831,829,3,RL,IR1,CollgCr,Y,Normal,7,2009
189000,7500,7,5,1999,1028,776,3,RL,Reg,Gilbert,Y,Normal,6,2010
168000,32463,4,4,1961,1622,0,3,RL,Reg,Mitchel,Y,Normal,3,2007
174000,2645,8,5,1999,764,677,2,FV,Reg,Somerst,Y,Normal,11,2007
125000,9600,5,8,1925,842,630,3,RM,Reg,OldTown,Y,Normal,7,2007
165000,4500,6,5,1999,1224,0,2,RM,Reg,Mitchel,Y,Normal,6,2009
158000,9364,6,7,1969,663,689,4,RL,Reg,Sawyer,Y,Normal,3,2010
176000,8029,6,5,2005,728,728,3,RL,IR1,Gilbert,Y,Normal,7,2008
219210,14054,7,5,2006,879,984,4,RL,IR1,Gilbert,Y,Partial,11,2006
144000,8850,7,6,1916,815,875,3,RM,IR1,OldTown,Y,Normal,7,2006
178000,9100,7,5,2001,1212,0,3,RL,Reg,CollgCr,Y,Normal,6,2009
148000,11235,4,5,1963,1382,0,3,RL,Reg,Sawyer,Y,Normal,10,2006
116050,9353,4,5,1970,864,0,3,RL,Reg,NAmes,Y,Abnorml,7,2006
197900,10400,7,5,1998,866,913,3,RL,Reg,CollgCr,Y,Normal,3,2009
117000,6000,5,8,1925,884,464,3,RM,Reg,BrkSide,Y,Normal,5,2009
213000,9750,7,5,2000,1630,0,3,RL,Reg,CollgCr,Y,Normal,10,2009
153500,10140,5,6,1975,1074,0,3,RL,Reg,NWAmes,Y,Normal,7,2006
271900,14684,7,7,1990,2196,0,3,RL,IR1,SawyerW,Y,Normal,6,2009
107000,8900,4,4,1966,1056,0,2,RH,Reg,SawyerW,Y,Normal,11,2006
200000,9135,6,5,2003,1700,0,3,RL,Reg,CollgCr,Y,Normal,5,2006
140000,7763,5,7,1962,1283,0,3,RL,Reg,NAmes,Y,Normal,10,2008
290000,10182,8,5,2006,1660,0,3,RL,IR1,Somerst,Y,Partial,5,2006
189000,11218,6,5,1992,1055,790,3,RL,Reg,SawyerW,Y,Normal,5,2010
164000,12134,8,7,1988,1080,672,4,RL,IR1,Gilbert,Y,Normal,6,2010
113000,9340,4,6,1941,672,0,2,RL,Reg,Edwards,Y,Normal,8,2009
145000,10246,4,9,1965,960,0,0,RL,IR1,Sawyer,Y,Normal,5,2006
134500,10205,5,5,1962,999,0,3,RL,IR1,NAmes,Y,Normal,5,2006
125000,7094,5,5,1966,894,0,3,RL,IR1,Sawyer,Y,Normal,5,2007
112000,8930,6,5,1978,1318,584,4,RM,Reg,Sawyer,Y,Normal,4,2010
229456,8640,8,5,2009,1314,0,3,FV,Reg,Somerst,Y,Partial,9,2009
80500,6240,4,5,1947,672,240,2,RM,Reg,BrkSide,N,Normal,7,2006
91500,1680,6,5,1971,672,546,3,RM,Reg,BrDale,Y,Abnorml,4,2006
115000,7800,5,5,1964,912,0,2,RL,IR1,NAmes,Y,Abnorml,11,2006
134000,8250,5,5,1968,1211,0,3,RL,Reg,Sawyer,Y,Normal,8,2008
143000,10496,6,6,1949,1168,678,3,RL,Reg,NAmes,Y,Normal,1,2007
137900,10680,5,3,1951,2136,0,4,RL,Reg,NAmes,N,Normal,10,2006
184000,15384,7,5,2004,788,702,3,RL,IR1,Gilbert,Y,Normal,2,2008
145000,10482,6,8,1958,1138,0,3,RL,Reg,NAmes,Y,Normal,6,2007
214000,14598,6,5,2007,894,1039,4,RL,IR1,Somerst,Y,Normal,1,2008
147000,8872,5,8,1965,912,0,2,RL,Reg,NAmes,Y,Normal,12,2008
367294,8769,9,5,2008,1702,0,1,RL,Reg,NridgHt,Y,Partial,10,2008
127000,7910,5,5,1960,1507,0,4,RL,Reg,NAmes,Y,Normal,8,2008
190000,18890,5,5,1977,1361,1259,4,RL,IR1,Sawyer,Y,Normal,8,2007
132500,7728,5,6,1962,1190,0,3,RL,Reg,NAmes,Y,Normal,5,2006
101800,9842,4,5,1962,1224,0,2,RL,Reg,NAmes,Y,Normal,3,2007
142000,12160,5,5,1959,1188,0,3,RL,IR1,NAmes,Y,Abnorml,5,2010
130000,8525,5,6,1911,1024,940,4,RH,Reg,SWISU,N,Abnorml,11,2008
138887,13132,5,5,1914,892,892,4,RL,Reg,Crawfor,Y,Normal,7,2006
175500,2628,7,5,2003,764,862,2,RL,Reg,NridgHt,Y,Normal,6,2010
195000,12393,7,5,2004,847,1101,4,RL,IR2,CollgCr,Y,Normal,9,2006
142500,13072,6,5,2005,1141,0,3,RL,Reg,SawyerW,Y,Abnorml,3,2006
265900,9037,8,5,2006,1484,0,2,RL,IR1,Timber,Y,Normal,12,2007
224900,8158,7,5,2003,884,884,3,RL,Reg,CollgCr,Y,Normal,7,2008
248328,9849,7,6,2007,1689,0,3,RL,Reg,Somerst,Y,Partial,6,2007
170000,10625,7,6,1974,1173,0,3,RL,Reg,NWAmes,Y,Family,1,2010
465000,13891,10,5,2006,2076,0,2,RL,Reg,NridgHt,Y,Partial,9,2006
230000,11435,8,7,1929,792,725,3,RL,IR1,Crawfor,Y,Normal,6,2006
178000,12090,6,7,1984,1140,728,3,RL,Reg,NWAmes,Y,Abnorml,1,2007
186500,8125,7,5,2005,756,797,3,FV,Reg,Somerst,Y,Partial,3,2006
169900,12328,6,5,1976,1034,0,3,RL,IR1,Mitchel,Y,Normal,5,2010
129500,9600,6,5,1917,1134,924,3,RM,Reg,OldTown,N,Normal,4,2008
119000,7200,5,7,1950,988,0,3,RL,Reg,NAmes,Y,Normal,5,2007
244000,11160,7,5,1968,2110,0,3,RL,Reg,NAmes,Y,Normal,4,2010
171750,3136,7,5,2003,1405,0,2,RL,IR1,NridgHt,Y,Normal,3,2006
130000,9858,5,6,1968,874,0,3,RL,Reg,Mitchel,Y,Normal,11,2009
294000,17542,7,7,1974,1516,651,3,RL,IR1,Veenker,Y,Normal,7,2007
165400,6931,7,5,2003,760,896,3,RL,Reg,Edwards,Y,Normal,7,2008
127500,6240,6,6,1931,959,408,3,RM,Reg,BrkSide,Y,Normal,11,2007
301500,14303,8,5,1994,1987,0,2,RL,IR1,NoRidge,Y,Normal,8,2008
99900,4060,5,8,1922,864,0,2,RL,Reg,Edwards,Y,Normal,7,2009
190000,9587,7,5,2005,1166,0,2,RL,IR1,Gilbert,Y,Normal,7,2008
151000,9750,6,8,1969,1054,0,3,RL,Reg,NAmes,Y,Normal,7,2008
181000,24682,6,5,1999,892,783,3,RL,IR3,Gilbert,Y,Normal,6,2009
128900,9600,5,6,1956,1050,0,2,RL,Reg,NAmes,Y,Normal,6,2009
161500,11250,4,5,1957,1104,684,5,RL,Reg,ClearCr,Y,Normal,11,2009
180500,13515,6,6,1919,1060,764,3,RL,Reg,BrkSide,Y,Normal,7,2007
181000,4060,6,5,1998,1337,0,2,RH,Reg,NAmes,Y,Abnorml,8,2008
183900,3735,7,5,1999,713,739,3,FV,Reg,Somerst,Y,Normal,3,2006
122000,10120,7,4,1910,964,925,4,RM,IR1,OldTown,N,Normal,1,2007
378500,13214,9,5,2008,2018,0,3,RL,IR1,Timber,Y,Normal,5,2010
381000,14100,8,9,1935,1968,1479,4,RL,IR1,Crawfor,Y,Normal,5,2008
144000,11344,5,5,1958,874,650,3,RL,Reg,NAmes,Y,Normal,7,2007
260000,23595,7,6,1979,1332,192,0,RL,Reg,ClearCr,Y,Normal,4,2010
185750,9156,6,7,1968,1489,0,3,RL,IR1,NWAmes,Y,Normal,8,2009
137000,13526,5,6,1965,935,0,3,RL,IR1,Sawyer,Y,Normal,11,2006
177000,11512,6,7,1959,1357,0,2,RL,IR1,Edwards,Y,Normal,5,2008
139000,5362,5,6,1910,661,589,3,RL,Reg,Crawfor,Y,Normal,11,2007
137000,11345,5,5,1948,928,992,4,RL,Reg,NAmes,Y,Normal,7,2007
162000,12936,6,6,1972,735,660,3,RL,IR1,NWAmes,Y,Normal,12,2009
197900,17871,6,5,1967,1724,0,3,RL,IR1,NWAmes,Y,Normal,6,2009
237000,9473,8,5,2002,1128,903,3,RL,Reg,CollgCr,Y,Normal,3,2008
68400,7500,4,4,1920,698,430,2,C (all),Reg,IDOTRR,Y,Abnorml,4,2010
227000,9808,7,5,2002,1573,0,3,RL,IR1,CollgCr,Y,Normal,3,2009
180000,8049,7,5,1990,1339,0,2,RL,IR1,Timber,Y,Normal,7,2006
150500,8800,5,7,1977,1040,0,3,RL,IR1,CollgCr,Y,Normal,9,2009
139000,9400,6,5,1971,912,912,4,RL,Reg,Mitchel,Y,Normal,4,2010
169000,9638,6,7,1919,1699,748,4,RL,Reg,SWISU,Y,Normal,3,2010
132500,6000,6,6,1939,825,587,4,RM,Reg,BrkSide,Y,Normal,5,2009
143000,9790,6,5,1963,1328,0,3,RL,Reg,NWAmes,Y,Normal,6,2010
190000,36500,5,5,1964,1582,0,4,RL,IR1,ClearCr,Y,Normal,6,2006
278000,5664,8,5,2000,1659,0,2,RL,IR1,StoneBr,Y,Normal,10,2009
281000,11065,8,5,2006,1120,850,3,RL,IR1,NridgHt,Y,Partial,10,2006
180500,14112,5,7,1964,1152,0,3,RL,IR1,NAmes,Y,Normal,4,2010
119500,1680,5,7,1972,630,672,3,RM,Reg,BrDale,Y,Normal,2,2009
107500,6600,5,4,1892,1378,994,4,RM,Reg,OldTown,N,Normal,12,2009
162900,10140,7,5,1976,832,832,4,RL,Reg,NWAmes,Y,Normal,3,2006
115000,8172,5,7,1955,864,0,2,RL,Reg,Edwards,Y,Normal,4,2006
138500,8400,5,5,1968,1052,0,3,RL,Reg,NAmes,Y,Normal,11,2006
155000,8700,5,6,1963,1128,0,3,RL,Reg,NAmes,Y,Normal,12,2008
140000,3675,6,5,2005,1072,0,2,RM,Reg,Edwards,Y,Partial,6,2006
160000,63887,10,5,2008,4692,950,3,RL,IR3,Edwards,Y,Partial,1,2008
154000,7500,5,7,1959,1246,0,3,RL,Reg,NAmes,Y,Normal,5,2010
225000,10762,7,5,1999,1005,978,3,RL,IR1,Gilbert,Y,Normal,5,2009
177500,7500,6,7,1942,753,741,3,RL,IR1,Crawfor,Y,Normal,11,2009
290000,10120,8,5,1994,1203,1323,4,RL,Reg,NoRidge,Y,Normal,12,2006
232000,8688,7,5,2005,1616,0,3,RL,Reg,Somerst,Y,Normal,4,2006
130000,3363,7,5,2004,976,732,3,RM,Reg,Edwards,Y,Normal,4,2006
325000,13173,9,5,2006,1652,0,2,RL,IR1,NridgHt,Y,Normal,11,2009
202500,6955,7,5,2005,1368,0,2,RL,IR1,NridgHt,Y,Partial,9,2006
138000,8072,5,5,1994,990,0,3,RL,Reg,CollgCr,Y,Normal,5,2009
147000,12000,5,7,1948,1122,0,2,RM,Reg,OldTown,Y,Normal,5,2008
179200,7153,6,5,1991,1294,0,3,RL,Reg,SawyerW,Y,Normal,6,2008
335000,17500,7,8,1959,1902,0,3,RL,Reg,Crawfor,Y,Normal,5,2010
203000,8814,7,5,2005,1274,0,3,RL,Reg,CollgCr,Y,Partial,1,2007
302000,9572,8,5,1990,1453,1357,4,RL,IR1,NoRidge,Y,Normal,6,2007
333168,14774,9,5,1999,1422,1177,4,RL,IR1,NoRidge,Y,Normal,5,2010
119000,8190,4,6,1954,948,0,3,RL,Reg,Edwards,Y,Normal,10,2007
206900,11075,6,5,1969,1092,1020,4,RL,Reg,NAmes,Y,Normal,6,2008
295493,10226,8,5,2008,1630,0,3,RL,IR1,CollgCr,Y,Normal,1,2009
208900,4230,7,5,2006,1352,0,2,FV,Reg,Somerst,Y,Partial,4,2007
275000,14781,8,5,2001,1787,0,3,RL,IR2,CollgCr,Y,Normal,8,2006
111000,10215,4,5,1954,948,0,3,RL,Reg,Edwards,Y,Normal,2,2007
156500,8400,6,3,1957,1478,0,3,RL,Reg,NAmes,Y,Normal,6,2009
72500,6627,3,6,1949,720,0,2,RL,IR1,BrkSide,N,Normal,7,2008
190000,10186,7,5,1992,1061,862,3,RL,IR1,NoRidge,Y,Normal,6,2010
82500,5330,4,7,1940,708,0,2,RL,Reg,BrkSide,Y,Normal,12,2009
147000,9986,8,5,2006,1795,0,2,RL,Reg,Somerst,Y,Partial,2,2007
55000,3636,4,4,1922,796,0,2,RM,Reg,IDOTRR,N,Normal,1,2008
79000,4270,3,6,1931,774,0,3,RH,Reg,Edwards,Y,Normal,5,2007
130500,6600,5,9,1982,816,0,3,RL,Reg,Mitchel,Y,Normal,10,2008
256000,10440,6,7,1920,1584,1208,5,RM,Reg,OldTown,Y,Normal,6,2008
176500,9084,7,5,1998,955,677,3,RL,IR1,Gilbert,Y,Normal,6,2006
227000,10000,8,5,2006,1588,0,3,RL,Reg,Somerst,Y,Normal,12,2007
132500,10780,5,5,1976,954,0,3,RL,IR1,CollgCr,Y,Normal,7,2006
100000,8877,4,6,1938,816,0,2,RL,Reg,Edwards,Y,Normal,5,2009
125500,7200,5,6,1938,803,557,2,RM,Reg,IDOTRR,Y,Normal,7,2006
125000,2368,5,6,1970,765,600,3,RM,Reg,BrDale,Y,Normal,5,2009
167900,9650,6,5,1977,1334,0,2,RL,Reg,NWAmes,Y,Normal,4,2009
135000,9246,5,5,1973,1656,0,4,RL,IR1,NWAmes,Y,Normal,11,2008
52500,4118,4,4,1941,693,0,2,RM,IR1,OldTown,N,Normal,3,2006
200000,13450,7,5,2002,920,941,3,RL,IR1,CollgCr,Y,Normal,6,2006
128500,9560,5,7,1972,864,0,3,RL,IR1,CollgCr,Y,Normal,6,2006
123000,8294,4,5,1971,872,0,3,RL,Reg,NAmes,Y,Normal,6,2007
155000,13695,6,5,2003,1114,0,3,RL,Reg,SawyerW,Y,Normal,7,2008
228500,9375,8,5,2002,1284,885,3,RL,Reg,CollgCr,Y,Normal,8,2007
177000,7558,6,6,1928,1172,741,3,RL,Reg,Crawfor,Y,Normal,3,2009
155835,11103,7,5,2006,728,728,3,RL,IR1,CollgCr,Y,Partial,7,2007
108500,6000,4,4,1920,960,0,2,RM,Reg,OldTown,Y,Normal,7,2007
262500,20781,7,7,1968,2156,0,3,RL,IR2,NWAmes,Y,Normal,6,2006
283463,15306,8,5,2006,1776,0,3,RL,IR1,Timber,Y,Partial,5,2007
215000,16196,7,5,1998,1494,0,3,RL,IR3,SawyerW,Y,Normal,8,2007
122000,5250,8,5,1872,938,1215,4,RM,Reg,OldTown,N,Normal,12,2008
200000,11643,5,5,1969,1338,1296,6,RL,Reg,NAmes,Y,Normal,8,2009
171000,9247,6,6,1962,858,858,4,RL,IR1,NAmes,Y,Normal,3,2008
134900,6000,6,9,1937,786,390,2,RM,Reg,BrkSide,Y,Normal,7,2009
410000,14720,8,5,1995,2053,1185,4,RL,IR1,NoRidge,Y,Normal,3,2010
235000,10316,7,5,2000,992,873,3,RL,IR1,CollgCr,Y,Normal,6,2008
170000,10192,7,6,1968,1222,698,4,RL,IR1,NWAmes,Y,Normal,9,2006
110000,9477,5,5,1966,892,0,3,RL,Reg,NAmes,Y,Normal,10,2008
149900,12537,5,6,1971,1078,0,3,RL,IR1,NAmes,Y,Normal,4,2010
177500,2117,6,5,2000,769,804,3,FV,Reg,Somerst,Y,Normal,6,2010
315000,16737,9,5,2004,1980,0,3,RL,Reg,NridgHt,Y,Normal,9,2006
189000,9842,5,6,1921,990,1611,4,RL,Reg,SWISU,Y,Normal,5,2008
260000,16158,7,5,2005,1530,0,3,RL,IR1,StoneBr,Y,Normal,6,2009
104900,12513,4,4,1920,1281,457,4,RL,IR1,NAmes,Y,Normal,6,2009
156932,8499,6,5,2006,616,796,3,RL,IR1,Gilbert,Y,Partial,3,2007
144152,3180,7,5,2005,520,600,2,FV,Reg,Somerst,Y,Abnorml,4,2006
216000,7500,7,5,2000,814,860,3,FV,Reg,Somerst,Y,Normal,1,2010
193000,9179,7,5,1999,882,908,3,RL,IR1,CollgCr,Y,Abnorml,6,2008
127000,2665,5,6,1977,925,550,4,RM,Reg,MeadowV,Y,Normal,7,2006
144000,4435,6,5,2003,848,0,1,RM,Reg,CollgCr,Y,Normal,6,2009
232000,10635,8,5,2003,1668,0,3,RL,IR2,CollgCr,Y,Normal,5,2010
105000,5400,4,6,1920,840,534,2,RL,Reg,OldTown,Y,Normal,10,2009
165500,9600,6,6,1955,1661,0,3,RL,Reg,NAmes,Y,Normal,10,2008
274300,9750,7,6,1998,1108,989,3,RL,Reg,CollgCr,Y,Normal,6,2006
466500,11400,10,5,2001,2633,0,2,RL,Reg,NoRidge,Y,Normal,3,2007
250000,10625,7,5,2005,1026,932,3,FV,Reg,Somerst,Y,Normal,7,2008
239000,10991,8,5,2007,1571,0,3,RL,IR1,Timber,Y,Partial,12,2007
91000,6292,6,5,1930,790,0,2,RL,Reg,SWISU,N,Normal,4,2008
117000,10998,5,5,1941,984,620,3,RL,Reg,Edwards,Y,Normal,7,2009
83000,1953,6,5,1973,483,504,2,RM,Reg,BrDale,Y,Normal,6,2006
167500,9735,5,5,2006,754,640,3,RL,Reg,Timber,Y,Normal,5,2008
58500,8212,3,3,1914,864,0,2,RL,Reg,Edwards,N,Normal,6,2010
237500,12925,6,7,1970,2117,0,4,RL,IR1,NAmes,Y,Normal,5,2008
157000,7200,7,7,1920,998,764,4,RM,Reg,OldTown,Y,Normal,10,2006
112000,25339,5,7,1918,1416,0,3,RL,Reg,Sawyer,Y,Normal,8,2007
105000,9060,6,5,1939,698,560,2,RL,Reg,Edwards,Y,Normal,10,2009
125500,5436,4,8,1922,796,358,3,RM,Reg,IDOTRR,Y,Normal,5,2010
250000,16692,7,5,1978,1392,1392,5,RL,IR1,NWAmes,Y,Normal,7,2006
136000,8520,6,7,1916,1664,862,5,RM,Reg,OldTown,N,Family,8,2007
377500,14892,9,5,2006,1746,0,3,RL,IR1,Gilbert,Y,Normal,10,2009
131000,6000,6,6,1941,869,349,3,RM,Reg,BrkSide,Y,Normal,3,2007
235000,9100,7,5,2000,1525,0,3,RL,Reg,CollgCr,Y,Normal,9,2006
124000,8944,5,5,1967,1584,0,4,RL,Reg,NAmes,Y,Normal,4,2009
123000,7838,5,5,1967,900,0,3,RL,Reg,NAmes,Y,Normal,12,2006
163000,10800,6,7,1905,1221,691,3,RM,Reg,OldTown,N,Normal,4,2008
246578,4045,7,5,2006,1500,0,2,RL,Reg,Blmngtn,Y,Partial,10,2006
281213,12665,8,5,2005,1133,1349,4,RL,IR1,Timber,Y,Normal,2,2007
160000,57200,5,5,1948,1687,0,3,RL,IR1,Timber,Y,Normal,6,2010
137500,6120,5,8,1920,939,574,4,RM,Reg,BrkSide,Y,Normal,5,2007
138000,7200,5,4,1950,1136,768,3,RL,Reg,NAmes,Y,Normal,5,2009
137450,6171,6,6,1925,1160,448,3,RL,Reg,SWISU,Y,Normal,10,2009
120000,6000,6,7,1929,950,208,3,RM,Reg,BrkSide,Y,Normal,7,2008
193000,7415,6,5,2004,864,729,3,RL,IR1,Gilbert,Y,Normal,4,2008
193879,6762,7,5,2006,1294,0,2,RL,Reg,CollgCr,Y,Partial,7,2006
282922,15256,8,5,2007,1464,0,3,RL,IR1,Somerst,Y,Normal,8,2007
105000,10410,3,4,1915,694,520,3,RL,Reg,OldTown,Y,Family,1,2006
275000,3842,8,5,2004,1646,0,2,RM,IR1,Crawfor,Y,Normal,1,2008
133000,8445,5,7,1972,768,0,2,RL,Reg,CollgCr,Y,Normal,3,2009
112000,8780,5,5,1985,833,0,3,RL,IR1,Mitchel,Y,Normal,3,2009
125500,7740,4,7,1910,741,622,3,RM,Reg,OldTown,Y,Normal,6,2010
215000,20544,7,6,1986,1236,857,3,RL,IR1,NWAmes,Y,Normal,11,2008
230000,12420,7,5,2001,944,896,3,RL,Reg,CollgCr,Y,Normal,6,2009
140000,9600,6,8,1950,1112,556,3,RL,Reg,NAmes,Y,Normal,9,2009
90000,7200,4,5,1949,1040,0,2,RL,Reg,NAmes,N,Normal,6,2009
257000,10994,8,5,2005,1844,0,2,RL,IR1,SawyerW,Y,Abnorml,9,2009
207000,13053,6,7,1923,1053,795,4,RL,Reg,BrkSide,Y,Normal,6,2008
175900,3635,7,5,2007,1569,0,1,RL,Reg,Blmngtn,Y,Normal,5,2009
122500,11340,4,6,1885,1246,1044,4,RM,Reg,OldTown,Y,Normal,4,2010
340000,16545,8,5,1998,1310,1140,3,RL,IR1,NoRidge,Y,Normal,5,2009
124000,9204,5,5,1963,1144,0,3,RL,Reg,NAmes,Y,Normal,8,2008
223000,16381,6,5,1969,1844,0,3,RL,IR1,Crawfor,Y,Normal,12,2006
179900,11700,6,6,1968,708,708,3,RL,Reg,NWAmes,Y,Normal,5,2006
127500,4043,6,5,1977,1069,0,2,RL,Reg,NPkVill,Y,Normal,7,2010
136500,4435,6,5,2003,848,0,1,RM,Reg,CollgCr,Y,Normal,3,2008
274970,19690,6,7,1966,1575,626,4,RL,IR1,Edwards,Y,Alloca,8,2006
144000,9503,5,5,1958,1344,0,2,RL,Reg,NAmes,Y,Normal,6,2007
142000,10721,6,6,1959,1252,0,3,RL,IR1,NAmes,Y,Normal,10,2008
271000,10944,7,5,1994,1223,904,3,RL,IR1,NoRidge,Y,Normal,8,2008
140000,10930,5,6,1945,1048,510,3,RL,Reg,NAmes,Y,Normal,4,2008
119000,7200,5,7,1940,804,0,2,RM,Reg,OldTown,Y,Abnorml,2,2010
182900,12546,6,7,1981,1440,0,3,RL,IR1,NWAmes,Y,Normal,4,2007
192140,21930,5,5,2005,734,1104,4,RL,IR3,Gilbert,Y,Normal,7,2006
143750,4928,6,6,1976,958,0,2,RL,IR1,NPkVill,Y,Normal,10,2009
64500,10800,4,6,1927,968,0,4,RL,Reg,OldTown,Y,Normal,8,2007
186500,10261,6,5,2000,962,830,3,RL,IR1,Gilbert,Y,Normal,5,2008
160000,17400,5,5,1977,1126,0,3,RL,Reg,Mitchel,Y,Normal,5,2006
174000,8400,6,9,1962,1537,0,3,RL,Reg,NAmes,Y,Abnorml,7,2008
120500,9000,4,6,1971,864,0,3,RL,Reg,NAmes,Y,Normal,5,2007
394617,12444,8,5,2008,1932,0,2,RL,Reg,NridgHt,Y,Partial,11,2008
149700,7407,6,7,1957,1236,0,2,RM,Reg,OldTown,Y,Normal,4,2010
197000,11584,7,6,1979,1040,685,3,RL,Reg,NWAmes,Y,Normal,11,2007
191000,11526,6,7,1922,1423,748,3,RL,IR1,Crawfor,Y,Normal,9,2008
149300,4426,6,5,2004,848,0,1,RM,Reg,CollgCr,Y,Normal,5,2008
310000,11003,10,5,2008,1026,981,3,FV,Reg,Somerst,Y,Normal,4,2009
121000,8854,6,6,1916,952,0,2,RL,Reg,BrkSide,N,Normal,5,2009
179600,8500,7,5,2004,1422,0,3,RL,Reg,CollgCr,Y,Normal,11,2007
129000,8400,6,5,1966,913,0,3,RL,Reg,Sawyer,Y,Normal,5,2007
157900,26142,5,7,1962,1188,0,3,RL,IR1,Mitchel,Y,Normal,4,2010
240000,10000,8,5,1995,1220,870,3,RL,Reg,CollgCr,Y,Normal,12,2007
112000,11767,4,7,1910,796,550,2,RL,Reg,Edwards,N,Normal,5,2007
92000,1533,5,7,1970,630,0,1,RM,Reg,MeadowV,Y,Abnorml,8,2006
136000,9000,5,5,1974,896,896,4,RL,Reg,NAmes,Y,Normal,9,2009
287090,9262,8,5,2008,1578,0,3,RL,Reg,Somerst,Y,Partial,5,2009
145000,3675,5,5,2005,1072,0,2,RM,Reg,Edwards,Y,Normal,5,2006
84500,17217,5,5,2006,1140,0,3,RL,Reg,Mitchel,Y,Abnorml,7,2006
185000,7500,7,5,2004,1221,0,2,FV,Reg,Somerst,Y,Normal,10,2009
175000,7917,6,5,1999,953,694,3,RL,Reg,Gilbert,Y,Normal,8,2007
210000,13175,6,6,1978,2073,0,3,RL,Reg,NWAmes,Y,Normal,2,2010
266500,9042,7,9,1941,1188,1152,4,RL,Reg,Crawfor,Y,Normal,5,2010
142125,9717,5,6,1950,1078,0,2,RL,Reg,NAmes,Y,Normal,4,2010
147500,9937,5,6,1965,1256,0,3,RL,Reg,Edwards,Y,Normal,6,2008
